"Timestamp","Sinu nimi:","Kes võidab?","Kes võidab?","Kes viskab Cape Verde - Finland mängus enim punkte?","Kes võidab?","Kes võidab?","Kes viskab Angola - China mängus enim punkte?","Kes võidab?","Kes võidab?","Kes viskab New Zealand - Mexico mängus enim punkte?","Kes võidab?","Kes võidab?","Kes viskab Ivory Coast - Lebanon mängus enim punkte?","Kes võidab?","Kes võidab?","Kes viskab Japan - Venezuela mängus enim punkte?","Kes võidab?","Kes võidab?","Kes viskab South Sudan - Philippines mängus enim punkte?","Kes võidab?","Kes võidab?","Kes viskab Egypt - Jordan mängus enim punkte?","Kes võidab?","Kes võidab?","Kes viskab France - Iran mängus enim punkte?","Kes võidab?","Kes võidab?","Kes viskab Serbia - Italy mängus enim punkte?","Kes võidab?","Kes võidab?","Kes viskab Germany - Georgia mängus enim punkte?","Kes võidab?","Kes võidab?","Kes viskab USA - Montenegro mängus enim punkte?","Kes võidab?","Kes võidab?","Kes viskab Spain - Latvia mängus enim punkte?","Kes võidab?","Kes võidab?","Kes viskab Dominican Republic - Puerto Rico mängus enim punkte?","Kes võidab?","Kes võidab?","Kes viskab Slovenia - Australia mängus enim punkte?","Kes võidab?","Kes võidab?","Kes viskab Lithuania - Greece mängus enim punkte?","Kes võidab?","Kes võidab?","Kes viskab Canada - Brazil mängus enim punkte?","Millise mängu eest sa topelt punkte sooviksid?"
"2023/08/30 6:56:42 pm GMT+3","Paul","Finland","Finland","Lauri Markkanen (FIN)","China","China +6.5","Li Kaier (CHN)","New Zealand","New Zealand","Shea Ili (NZL)","Lebanon","Lebanon +7.5","Omari Spellman (LBN)","Japan","Venezuela +9.5","Josh Hawkinson (JPN)","South Sudan","South Sudan +1.5","Carlik Jones (SSD)","Jordan","Jordan","Rondae Hollis-Jefferson (JOR)","France","France","Evan Fournier (FRA)","Serbia","Serbia","Bogdan Bogdanović (SRB)","Germany","Germany","Dennis Schröder (GER)","USA","USA","Anthony Edwards (USA)","Spain","Latvia +10.5","Juancho Hernangómez (ESP)","Dominican Republic","Dominican Republic","Karl-Anthony Towns (DOM)","Slovenia","Slovenia +4.5","Luka Dončić (SLO)","Lithuania","Lithuania","Jonas Valančiūnas (LTU)","Canada","Canada","Shai Gilgeous-Alexander (CAN)","Canada - Brazil"
"2023/08/30 7:01:54 pm GMT+3","Gert","Finland","Finland","Lauri Markkanen (FIN)","China","China +6.5","Li Kaier (CHN)","New Zealand","New Zealand","Joshua Ibarra (MEX)","Lebanon","Lebanon +7.5","Omari Spellman (LBN)","Venezuela","Venezuela +9.5","Yuta Watanabe (JPN)","South Sudan","South Sudan +1.5","Jordan Clarkson (PHI)","Egypt","Egypt +3.5","Rondae Hollis-Jefferson (JOR)","France","Iran +21.5","Mohammad Amini (IRI)","Italy","Italy +6.5","Nikola Milutinov (SRB)","Germany","Georgia +14.5","Dennis Schröder (GER)","USA","Montenegro +26.5","Anthony Edwards (USA)","Spain","Spain","Willy Hernangómez (ESP)","Puerto Rico","Puerto Rico +7.5","Andrés Feliz (DOM)","Australia","Australia","Luka Dončić (SLO)","Lithuania","Lithuania","Rokas Jokubaitis (LTU)","Canada","Brazil +17.5","Bruno Caboclo (BRA)","Slovenia - Australia"
"2023/08/30 8:48:24 pm GMT+3","Asso","Finland","Finland","Lauri Markkanen (FIN)","Angola","Angola","Zhao Rui (CHN)","New Zealand","Mexico +9.5","Shea Ili (NZL)","Ivory Coast","Lebanon +7.5","Wael Arakji (LBN)","Japan","Japan","Josh Hawkinson (JPN)","South Sudan","South Sudan +1.5","Jordan Clarkson (PHI)","Jordan","Jordan","Rondae Hollis-Jefferson (JOR)","France","Iran +21.5","Evan Fournier (FRA)","Serbia","Italy +6.5","Bogdan Bogdanović (SRB)","Germany","Georgia +14.5","Dennis Schröder (GER)","USA","USA","Anthony Edwards (USA)","Spain","Spain","Willy Hernangómez (ESP)","Dominican Republic","Dominican Republic","Karl-Anthony Towns (DOM)","Slovenia","Slovenia +4.5","Luka Dončić (SLO)","Lithuania","Greece +3.5","Giannoulis Larentzakis (GRE)","Canada","Brazil +17.5","Shai Gilgeous-Alexander (CAN)","USA - Montenegro"
"2023/08/30 9:15:20 pm GMT+3","Raiko","Finland","Cape Verde +8.5","Lauri Markkanen (FIN)","Angola","Angola","Bruno Fernando (ANG)","New Zealand","New Zealand","Shea Ili (NZL)","Ivory Coast","Lebanon +7.5","Wael Arakji (LBN)","Japan","Venezuela +9.5","Josh Hawkinson (JPN)","Philippines","Philippines","Jordan Clarkson (PHI)","Jordan","Jordan","Rondae Hollis-Jefferson (JOR)","France","France","Evan Fournier (FRA)","Serbia","Serbia","Bogdan Bogdanović (SRB)","Germany","Germany","Dennis Schröder (GER)","USA","Montenegro +26.5","Nikola Vučević (MNE)","Spain","Latvia +10.5","Willy Hernangómez (ESP)","Dominican Republic","Dominican Republic","Karl-Anthony Towns (DOM)","Australia","Australia","Luka Dončić (SLO)","Lithuania","Lithuania","Jonas Valančiūnas (LTU)","Canada","Canada","Shai Gilgeous-Alexander (CAN)","Dominican Republic - Puerto Rico"
"2023/08/30 10:03:35 pm GMT+3","Jens-K","Finland","Cape Verde +8.5","Lauri Markkanen (FIN)","Angola","Angola","Bruno Fernando (ANG)","New Zealand","New Zealand","Shea Ili (NZL)","Ivory Coast","Ivory Coast","Wael Arakji (LBN)","Japan","Japan","Josh Hawkinson (JPN)","Philippines","Philippines","Jordan Clarkson (PHI)","Jordan","Jordan","Rondae Hollis-Jefferson (JOR)","France","Iran +21.5","Evan Fournier (FRA)","Serbia","Serbia","Bogdan Bogdanović (SRB)","Germany","Germany","Dennis Schröder (GER)","USA","Montenegro +26.5","Nikola Vučević (MNE)","Spain","Spain","Willy Hernangómez (ESP)","Dominican Republic","Dominican Republic","Tremont Waters (PUR)","Slovenia","Slovenia +4.5","Luka Dončić (SLO)","Lithuania","Lithuania","Mindaugas Kuzminskas (LTU)","Canada","Canada","Shai Gilgeous-Alexander (CAN)","Spain - Latvia"
"2023/08/30 10:03:52 pm GMT+3","Valmar","Finland","Cape Verde +8.5","Lauri Markkanen (FIN)","China","China +6.5","Li Kaier (CHN)","New Zealand","New Zealand","Shea Ili (NZL)","Lebanon","Lebanon +7.5","Omari Spellman (LBN)","Japan","Japan","Josh Hawkinson (JPN)","South Sudan","South Sudan +1.5","Jordan Clarkson (PHI)","Jordan","Jordan","Rondae Hollis-Jefferson (JOR)","France","France","Guerschon Yabusele (FRA)","Serbia","Serbia","Bogdan Bogdanović (SRB)","Germany","Germany","Dennis Schröder (GER)","USA","USA","Anthony Edwards (USA)","Spain","Spain","Willy Hernangómez (ESP)","Dominican Republic","Dominican Republic","Karl-Anthony Towns (DOM)","Slovenia","Australia","Patty Mills (AUS)","Lithuania","Lithuania","Jonas Valančiūnas (LTU)","Canada","Canada","Shai Gilgeous-Alexander (CAN)","Canada - Brazil"
"2023/08/30 10:25:20 pm GMT+3","Kaspar","Finland","Finland","Lauri Markkanen (FIN)","Angola","Angola","Silvio De Sousa (ANG)","New Zealand","New Zealand","Shea Ili (NZL)","Ivory Coast","Ivory Coast","Cédric Bah (CIV)","Japan","Venezuela +9.5","Josh Hawkinson (JPN)","South Sudan","South Sudan +1.5","Jordan Clarkson (PHI)","Egypt","Egypt +3.5","Rondae Hollis-Jefferson (JOR)","France","France","Evan Fournier (FRA)","Serbia","Serbia","Bogdan Bogdanović (SRB)","Germany","Germany","Dennis Schröder (GER)","USA","USA","Brandon Ingram (USA)","Spain","Latvia +10.5","Willy Hernangómez (ESP)","Dominican Republic","Dominican Republic","Karl-Anthony Towns (DOM)","Slovenia","Australia","Luka Dončić (SLO)","Lithuania","Lithuania","Jonas Valančiūnas (LTU)","Canada","Canada","Shai Gilgeous-Alexander (CAN)","Canada - Brazil"
"2023/08/30 11:58:10 pm GMT+3","Kaur","Finland","Cape Verde +8.5","Lauri Markkanen (FIN)","Angola","Angola","Zhao Rui (CHN)","New Zealand","New Zealand","Shea Ili (NZL)","Lebanon","Lebanon +7.5","Wael Arakji (LBN)","Japan","Japan","Josh Hawkinson (JPN)","Philippines","Philippines","Jordan Clarkson (PHI)","Egypt","Egypt +3.5","Rondae Hollis-Jefferson (JOR)","France","France","Evan Fournier (FRA)","Serbia","Serbia","Nikola Jović (SRB)","Germany","Germany","Dennis Schröder (GER)","USA","Montenegro +26.5","Nikola Vučević (MNE)","Spain","Spain","Willy Hernangómez (ESP)","Dominican Republic","Dominican Republic","Andrés Feliz (DOM)","Slovenia","Slovenia +4.5","Luka Dončić (SLO)","Lithuania","Lithuania","Jonas Valančiūnas (LTU)","Canada","Brazil +17.5","Shai Gilgeous-Alexander (CAN)","Germany - Georgia"
"2023/08/31 12:06:40 am GMT+3","Neeme Kalur","Cape Verde","Cape Verde +8.5","João Gomes (CPV)","Angola","Angola","Zhao Rui (CHN)","New Zealand","New Zealand","Shea Ili (NZL)","Ivory Coast","Lebanon +7.5","Wael Arakji (LBN)","Japan","Japan","Josh Hawkinson (JPN)","Philippines","South Sudan +1.5","Jordan Clarkson (PHI)","Egypt","Egypt +3.5","Rondae Hollis-Jefferson (JOR)","France","France","Evan Fournier (FRA)","Serbia","Serbia","Bogdan Bogdanović (SRB)","Germany","Germany","Dennis Schröder (GER)","USA","USA","Anthony Edwards (USA)","Spain","Spain","Willy Hernangómez (ESP)","Dominican Republic","Dominican Republic","Karl-Anthony Towns (DOM)","Australia","Slovenia +4.5","Luka Dončić (SLO)","Lithuania","Lithuania","Rokas Jokubaitis (LTU)","Canada","Canada","Shai Gilgeous-Alexander (CAN)","Canada - Brazil"
"2023/08/31 4:45:11 am GMT+3","Mart","Finland","Finland","Lauri Markkanen (FIN)","Angola","Angola","Li Kaier (CHN)","New Zealand","Mexico +9.5","Shea Ili (NZL)","Ivory Coast","Lebanon +7.5","Wael Arakji (LBN)","Japan","Japan","Josh Hawkinson (JPN)","South Sudan","South Sudan +1.5","Carlik Jones (SSD)","Jordan","Egypt +3.5","Rondae Hollis-Jefferson (JOR)","France","Iran +21.5","Evan Fournier (FRA)","Serbia","Serbia","Bogdan Bogdanović (SRB)","Germany","Germany","Dennis Schröder (GER)","USA","Montenegro +26.5","Nikola Vučević (MNE)","Spain","Spain","Willy Hernangómez (ESP)","Dominican Republic","Dominican Republic","Karl-Anthony Towns (DOM)","Australia","Australia","Luka Dončić (SLO)","Lithuania","Lithuania","Jonas Valančiūnas (LTU)","Canada","Canada","Shai Gilgeous-Alexander (CAN)","Cape Verde - Finland"
"2023/08/31 7:43:04 am GMT+3","Mario","Cape Verde","Cape Verde +8.5","Edy Tavares (CPV)","Angola","Angola","João Fernandes (ANG)","New Zealand","New Zealand","Finn Delany (NZL)","Ivory Coast","Ivory Coast","Mike Fofana (CIV)","Japan","Japan","Josh Hawkinson (JPN)","Philippines","Philippines","Jordan Clarkson (PHI)","Jordan","Jordan","Rondae Hollis-Jefferson (JOR)","France","France","Evan Fournier (FRA)","Serbia","Serbia","Nikola Jović (SRB)","Germany","Germany","Dennis Schröder (GER)","USA","USA","Jalen Brunson (USA)","Spain","Latvia +10.5","Willy Hernangómez (ESP)","Dominican Republic","Dominican Republic","Karl-Anthony Towns (DOM)","Slovenia","Australia","Luka Dončić (SLO)","Lithuania","Lithuania","Jonas Valančiūnas (LTU)","Canada","Canada","Shai Gilgeous-Alexander (CAN)","Germany - Georgia"
"2023/08/31 8:06:55 am GMT+3","Horre","Finland","Finland","Lauri Markkanen (FIN)","Angola","Angola","Li Kaier (CHN)","New Zealand","New Zealand","Reuben Te Rangi (NZL)","Ivory Coast","Ivory Coast","Mike Fofana (CIV)","Venezuela","Venezuela +9.5","David Cubillán (VEN)","South Sudan","South Sudan +1.5","Jordan Clarkson (PHI)","Jordan","Jordan","Rondae Hollis-Jefferson (JOR)","France","Iran +21.5","Evan Fournier (FRA)","Italy","Italy +6.5","Simone Fontecchio (ITA)","Germany","Germany","Dennis Schröder (GER)","USA","USA","Anthony Edwards (USA)","Spain","Latvia +10.5","Willy Hernangómez (ESP)","Dominican Republic","Dominican Republic","Karl-Anthony Towns (DOM)","Australia","Australia","Patty Mills (AUS)","Lithuania","Lithuania","Jonas Valančiūnas (LTU)","Canada","Brazil +17.5","Shai Gilgeous-Alexander (CAN)","France - Iran"
"2023/08/31 8:26:45 am GMT+3","Kristo Kluiverson","Finland","Cape Verde +8.5","Lauri Markkanen (FIN)","Angola","China +6.5","Silvio De Sousa (ANG)","New Zealand","Mexico +9.5","Shea Ili (NZL)","Lebanon","Lebanon +7.5","Wael Arakji (LBN)","Japan","Venezuela +9.5","Yuta Watanabe (JPN)","Philippines","South Sudan +1.5","Jordan Clarkson (PHI)","Jordan","Egypt +3.5","Rondae Hollis-Jefferson (JOR)","France","Iran +21.5","Evan Fournier (FRA)","Serbia","Italy +6.5","Bogdan Bogdanović (SRB)","Germany","Georgia +14.5","Dennis Schröder (GER)","USA","Montenegro +26.5","Nikola Vučević (MNE)","Spain","Spain","Willy Hernangómez (ESP)","Dominican Republic","Puerto Rico +7.5","Karl-Anthony Towns (DOM)","Australia","Slovenia +4.5","Luka Dončić (SLO)","Lithuania","Greece +3.5","Georgios Papagiannis (GRE)","Canada","Brazil +17.5","Shai Gilgeous-Alexander (CAN)","France - Iran"
"2023/08/31 9:08:31 am GMT+3","Roger","Finland","Cape Verde +8.5","Lauri Markkanen (FIN)","China","China +6.5","Gerson Domingos (ANG)","New Zealand","New Zealand","Shea Ili (NZL)","Ivory Coast","Ivory Coast","Mike Fofana (CIV)","Venezuela","Venezuela +9.5","Gregory Vargas (VEN)","South Sudan","South Sudan +1.5","Wenyen Gabriel (SSD)","Jordan","Jordan","Rondae Hollis-Jefferson (JOR)","France","Iran +21.5","Mathias Lessort (FRA)","Serbia","Serbia","Bogdan Bogdanović (SRB)","Germany","Georgia +14.5","Dennis Schröder (GER)","USA","Montenegro +26.5","Brandon Ingram (USA)","Spain","Latvia +10.5","Willy Hernangómez (ESP)","Puerto Rico","Puerto Rico +7.5","Karl-Anthony Towns (DOM)","Australia","Australia","Luka Dončić (SLO)","Lithuania","Lithuania","Jonas Valančiūnas (LTU)","Canada","Brazil +17.5","Shai Gilgeous-Alexander (CAN)","Slovenia - Australia"
"2023/08/31 10:09:35 am GMT+3","Bobi","Finland","Finland","Lauri Markkanen (FIN)","Angola","China +6.5","Zhao Rui (CHN)","New Zealand","New Zealand","Shea Ili (NZL)","Ivory Coast","Ivory Coast","Wael Arakji (LBN)","Japan","Venezuela +9.5","Josh Hawkinson (JPN)","Philippines","Philippines","Jordan Clarkson (PHI)","Jordan","Jordan","Rondae Hollis-Jefferson (JOR)","France","France","Evan Fournier (FRA)","Serbia","Serbia","Bogdan Bogdanović (SRB)","Germany","Germany","Dennis Schröder (GER)","USA","USA","Anthony Edwards (USA)","Spain","Spain","Willy Hernangómez (ESP)","Dominican Republic","Dominican Republic","Karl-Anthony Towns (DOM)","Australia","Slovenia +4.5","Luka Dončić (SLO)","Lithuania","Lithuania","Jonas Valančiūnas (LTU)","Canada","Canada","Shai Gilgeous-Alexander (CAN)","USA - Montenegro"
"2023/08/31 10:11:24 am GMT+3","Kiks","Finland","Cape Verde +8.5","Lauri Markkanen (FIN)","Angola","Angola","Zhao Rui (CHN)","New Zealand","Mexico +9.5","Shea Ili (NZL)","Ivory Coast","Ivory Coast","Wael Arakji (LBN)","Japan","Japan","Josh Hawkinson (JPN)","Philippines","Philippines","Jordan Clarkson (PHI)","Jordan","Jordan","Rondae Hollis-Jefferson (JOR)","France","France","Evan Fournier (FRA)","Serbia","Italy +6.5","Bogdan Bogdanović (SRB)","Germany","Germany","Dennis Schröder (GER)","USA","USA","Jalen Brunson (USA)","Spain","Spain","Willy Hernangómez (ESP)","Dominican Republic","Dominican Republic","Karl-Anthony Towns (DOM)","Australia","Australia","Luka Dončić (SLO)","Lithuania","Lithuania","Ioannis Papapetrou (GRE)","Canada","Canada","Shai Gilgeous-Alexander (CAN)","USA - Montenegro"
"2023/08/31 4:58:37 pm GMT+3","RS","","","","","","","","","","","","","","","","","","","","","","","","","Serbia","Serbia","Bogdan Bogdanović (SRB)","Germany","Georgia +14.5","Dennis Schröder (GER)","USA","Montenegro +26.5","Austin Reaves (USA)","Spain","Spain","Usman Garuba (ESP)","Dominican Republic","Dominican Republic","Karl-Anthony Towns (DOM)","Australia","Australia","Patty Mills (AUS)","Lithuania","Lithuania","Jonas Valančiūnas (LTU)","Canada","Canada","Shai Gilgeous-Alexander (CAN)","France - Iran"