"Timestamp","Sinu nimi:","Kes võidab?","Kes võidab?","Kes viskab Italy - Dominican Republic mängus enim punkte?","Kes võidab?","Kes võidab?","Kes viskab Australia - Germany mängus enim punkte?","Kes võidab?","Kes võidab?","Kes viskab Montenegro - Egypt mängus enim punkte?","Kes võidab?","Kes võidab?","Kes viskab Lebanon - Canada mängus enim punkte?","Kes võidab?","Kes võidab?","Kes viskab Phillipines - Angola mängus enim punkte?","Kes võidab?","Kes võidab?","Kes viskab Japan - Finland mängus enim punkte?","Kes võidab?","Kes võidab?","Kes viskab Lithuania - Mexico mängus enim punkte?","Kes võidab?","Kes võidab?","Kes viskab France - Latvia mängus enim punkte?","Kes võidab?","Kes võidab?","Kes viskab China - South Sudan mängus enim punkte?","Kes võidab?","Kes võidab?","Kes viskab Venezuela - Cape Verde mängus enim punkte?","Kes võidab?","Kes võidab?","Kes viskab New Zealand - Jordan mängus enim punkte?","Kes võidab?","Kes võidab?","Kes viskab Ivory Coast - Iran mängus enim punkte?","Kes võidab?","Kes võidab?","Kes viskab Georgia - Slovenia mängus enim punkte?","Kes võidab?","Kes võidab?","Kes viskab Puerto Rico - Serbia mängus enim punkte?","Kes võidab?","Kes võidab?","Kes viskab Greece - USA mängus enim punkte?","Kes võidab?","Kes võidab?","Kes viskab Brazil - Spain mängus enim punkte?","Millise mängu eest sa topelt punkte sooviksid?"
"2023/08/26 8:18:19 am GMT+3","Horre","Italy","Italy","Karl-Anthony Towns (DOM)","Germany","Germany +2.5","Patty Mills (AUS)","Montenegro","Montenegro","Nikola Vučević (MNE)","Canada","Canada","Shai Gilgeous-Alexander (CAN)","Angola","Angola +6.5","Jordan Clarkson (PHI)","Finland","Finland","Lauri Markkanen (FIN)","Lithuania","Lithuania","Jonas Valančiūnas (LTU)","France","Latvia +12.5","Evan Fournier (FRA)","China","China","Kyle Anderson (CHN)","Venezuela","Venezuela +5.5","Edy Tavares (CPV)","Jordan","Jordan +4.5","Rondae Hollis-Jefferson (JOR)","Ivory Coast","Ivory Coast +3.5","Hamed Haddadi (IRI)","Slovenia","Slovenia","Luka Dončić (SLO)","Serbia","Serbia","Bogdan Bogdanović (SRB)","USA","Greece +16.5","Anthony Edwards (USA)","Spain","Spain","Willy Hernangómez (ESP)","Montenegro - Egypt"
"2023/08/26 9:32:15 am GMT+3","Mario","Dominican Republic","Dominican Republic +5.5","Karl-Anthony Towns (DOM)","Australia","Germany +2.5","Franz Wagner (GER)","Montenegro","Egypt +17.5","Marko Simonović (MNE)","Canada","Canada","Shai Gilgeous-Alexander (CAN)","Philippines","Philippines","Jordan Clarkson (PHI)","Japan","Japan +10.5","Lauri Markkanen (FIN)","Lithuania","Lithuania","Jonas Valančiūnas (LTU)","France","France","Evan Fournier (FRA)","China","China","Zhao Rui (CHN)","Cape Verde","Venezuela +5.5","Ivan Almeida (CPV)","New Zealand","New Zealand","Walter Brown (NZL)","Iran","Ivory Coast +3.5","Hamed Haddadi (IRI)","Slovenia","Slovenia","Luka Dončić (SLO)","Serbia","Serbia","Bogdan Bogdanović (SRB)","USA","USA","Tyrese Haliburton (USA)","Spain","Spain","Juancho Hernangómez (ESP)","Lebanon - Canada"
"2023/08/26 1:03:35 pm GMT+3","Kaspar","Italy","Italy","Karl-Anthony Towns (DOM)","Germany","Germany +2.5","Dennis Schröder (GER)","Montenegro","Montenegro","Nikola Vučević (MNE)","Canada","Canada","Shai Gilgeous-Alexander (CAN)","Philippines","Philippines","Jordan Clarkson (PHI)","Finland","Japan +10.5","Lauri Markkanen (FIN)","Lithuania","Lithuania","Ignas Brazdeikis (LTU)","France","Latvia +12.5","Evan Fournier (FRA)","China","China","Kyle Anderson (CHN)","Cape Verde","Venezuela +5.5","Will Tavares (CPV)","Jordan","Jordan +4.5","Rondae Hollis-Jefferson (JOR)","Iran","Iran","Mike Fofana (CIV)","Slovenia","Slovenia","Luka Dončić (SLO)","Serbia","Serbia","Bogdan Bogdanović (SRB)","USA","USA","Anthony Edwards (USA)","Spain","Spain","Willy Hernangómez (ESP)","Lithuania - Mexico"
"2023/08/26 5:51:36 pm GMT+3","Bobi","Italy","Italy","Karl-Anthony Towns (DOM)","Australia","Australia","Dennis Schröder (GER)","Montenegro","Egypt +17.5","Nikola Vučević (MNE)","Canada","Lebanon +37.5","Shai Gilgeous-Alexander (CAN)","Philippines","Philippines","Jordan Clarkson (PHI)","Finland","Japan +10.5","Lauri Markkanen (FIN)","Lithuania","Lithuania","Jonas Valančiūnas (LTU)","France","France","Evan Fournier (FRA)","China","China","Zhou Qi (CHN)","Venezuela","Venezuela +5.5","Michael Carrera (VEN)","New Zealand","New Zealand","Reuben Te Rangi (NZL)","Ivory Coast","Ivory Coast +3.5","Vafessa Fofana (CIV)","Slovenia","Slovenia","Luka Dončić (SLO)","Serbia","Serbia","Bogdan Bogdanović (SRB)","USA","USA","Anthony Edwards (USA)","Spain","Spain","Willy Hernangómez (ESP)","Georgia - Slovenia"
"2023/08/26 8:30:26 pm GMT+3","Gert","Italy","Italy","Simone Fontecchio (ITA)","Australia","Australia","Patty Mills (AUS)","Montenegro","Egypt +17.5","Bojan Dubljević (MNE)","Canada","Lebanon +37.5","Kelly Olynyk (CAN)","Philippines","Philippines","Jordan Clarkson (PHI)","Finland","Finland","Lauri Markkanen (FIN)","Lithuania","Lithuania","Jonas Valančiūnas (LTU)","France","France","Evan Fournier (FRA)","South Sudan","South Sudan +2.5","Carlik Jones (SSD)","Venezuela","Venezuela +5.5","Garly Sojo (VEN)","New Zealand","New Zealand","Shea Ili (NZL)","Iran","Iran","Matin Aghajanpour (IRI)","Georgia","Georgia +8.5","Luka Dončić (SLO)","Serbia","Serbia","Bogdan Bogdanović (SRB)","USA","USA","Anthony Edwards (USA)","Spain","Brazil +9.5","Willy Hernangómez (ESP)","Australia - Germany"
"2023/08/26 8:43:52 pm GMT+3","Paul","Italy","Italy","Karl-Anthony Towns (DOM)","Germany","Germany +2.5","Dennis Schröder (GER)","Montenegro","Montenegro","Nikola Vučević (MNE)","Canada","Lebanon +37.5","Shai Gilgeous-Alexander (CAN)","Philippines","Philippines","Jordan Clarkson (PHI)","Finland","Finland","Lauri Markkanen (FIN)","Lithuania","Lithuania","Jonas Valančiūnas (LTU)","France","France","Evan Fournier (FRA)","China","China","Kyle Anderson (CHN)","Cape Verde","Cape Verde","Edy Tavares (CPV)","Jordan","Jordan +4.5","Rondae Hollis-Jefferson (JOR)","Ivory Coast","Ivory Coast +3.5","Mike Fofana (CIV)","Slovenia","Slovenia","Luka Dončić (SLO)","Serbia","Serbia","Bogdan Bogdanović (SRB)","USA","USA","Anthony Edwards (USA)","Spain","Brazil +9.5","Bruno Caboclo (BRA)","Georgia - Slovenia"
"2023/08/26 9:30:38 pm GMT+3","Valmar","Italy","Italy","Karl-Anthony Towns (DOM)","Australia","Australia","Patty Mills (AUS)","Montenegro","Montenegro","Nikola Vučević (MNE)","Canada","Canada","Shai Gilgeous-Alexander (CAN)","Philippines","Philippines","Jordan Clarkson (PHI)","Finland","Finland","Lauri Markkanen (FIN)","Lithuania","Lithuania","Jonas Valančiūnas (LTU)","France","France","Evan Fournier (FRA)","South Sudan","South Sudan +2.5","Carlik Jones (SSD)","Venezuela","Venezuela +5.5","Garly Sojo (VEN)","New Zealand","New Zealand","Rondae Hollis-Jefferson (JOR)","Ivory Coast","Ivory Coast +3.5","Hamed Haddadi (IRI)","Slovenia","Slovenia","Luka Dončić (SLO)","Serbia","Serbia","Bogdan Bogdanović (SRB)","USA","Greece +16.5","Anthony Edwards (USA)","Spain","Spain","Willy Hernangómez (ESP)","Lithuania - Mexico"
"2023/08/26 9:47:34 pm GMT+3","Kaur","Italy","Italy","Karl-Anthony Towns (DOM)","Australia","Australia","Patty Mills (AUS)","Montenegro","Montenegro","Kendrick Perry (MNE)","Canada","Canada","Shai Gilgeous-Alexander (CAN)","Philippines","Angola +6.5","Jordan Clarkson (PHI)","Finland","Finland","Lauri Markkanen (FIN)","Lithuania","Lithuania","Jonas Valančiūnas (LTU)","France","Latvia +12.5","Rolands Šmits (LAT)","South Sudan","South Sudan +2.5","Carlik Jones (SSD)","Venezuela","Venezuela +5.5","Heissler Guillent (VEN)","Jordan","Jordan +4.5","Rondae Hollis-Jefferson (JOR)","Ivory Coast","Ivory Coast +3.5","Charles Abouo (CIV)","Slovenia","Slovenia","Luka Dončić (SLO)","Serbia","Serbia","Ethan Thompson (PUR)","USA","Greece +16.5","Anthony Edwards (USA)","Spain","Spain","Willy Hernangómez (ESP)","Georgia - Slovenia"
"2023/08/26 10:12:03 pm GMT+3","Roger","Italy","Italy","Karl-Anthony Towns (DOM)","Australia","Australia","Dennis Schröder (GER)","Montenegro","Egypt +17.5","Nikola Vučević (MNE)","Canada","Lebanon +37.5","RJ Barrett (CAN)","Angola","Angola +6.5","CJ Perez (PHI)","Finland","Finland","Lauri Markkanen (FIN)","Lithuania","Mexico +14.5","Jonas Valančiūnas (LTU)","France","Latvia +12.5","Guerschon Yabusele (FRA)","South Sudan","South Sudan +2.5","Wenyen Gabriel (SSD)","Cape Verde","Cape Verde","Edy Tavares (CPV)","New Zealand","New Zealand","Reuben Te Rangi (NZL)","Ivory Coast","Ivory Coast +3.5","Mike Fofana (CIV)","Slovenia","Slovenia","Luka Dončić (SLO)","Serbia","Puerto Rico +11.5","Bogdan Bogdanović (SRB)","USA","USA","Anthony Edwards (USA)","Spain","Brazil +9.5","Juancho Hernangómez (ESP)","Georgia - Slovenia"
"2023/08/26 10:15:06 pm GMT+3","RS","Italy","Italy","Simone Fontecchio (ITA)","Australia","Australia","Josh Giddey (AUS)","Montenegro","Egypt +17.5","Kendrick Perry (MNE)","Canada","Lebanon +37.5","Shai Gilgeous-Alexander (CAN)","Philippines","Philippines","Kai Sotto (PHI)","Finland","Finland","Lauri Markkanen (FIN)","Lithuania","Lithuania","Jonas Valančiūnas (LTU)","France","Latvia +12.5","Rudy Gobert (FRA)","China","China","Hu Jinqiu (CHN)","Venezuela","Cape Verde","Will Tavares (CPV)","New Zealand","New Zealand","Walter Brown (NZL)","Ivory Coast","Ivory Coast +3.5","Amadou Sidibe (CIV)","Slovenia","Slovenia","Luka Dončić (SLO)","Serbia","Serbia","Bogdan Bogdanović (SRB)","USA","Greece +16.5","Tyrese Haliburton (USA)","Spain","Brazil +9.5","Willy Hernangómez (ESP)","Georgia - Slovenia"
"2023/08/26 10:17:56 pm GMT+3","Asso","Italy","Dominican Republic +5.5","Karl-Anthony Towns (DOM)","Australia","Australia","Patty Mills (AUS)","Montenegro","Montenegro","Kendrick Perry (MNE)","Canada","Canada","Shai Gilgeous-Alexander (CAN)","Philippines","Philippines","Jordan Clarkson (PHI)","Finland","Japan +10.5","Lauri Markkanen (FIN)","Lithuania","Lithuania","Francisco Cruz (MEX)","France","Latvia +12.5","Evan Fournier (FRA)","South Sudan","South Sudan +2.5","Zhou Qi (CHN)","Venezuela","Venezuela +5.5","Garly Sojo (VEN)","New Zealand","New Zealand","Finn Delany (NZL)","Ivory Coast","Ivory Coast +3.5","Hamed Haddadi (IRI)","Slovenia","Slovenia","Luka Dončić (SLO)","Serbia","Serbia","Bogdan Bogdanović (SRB)","USA","Greece +16.5","Anthony Edwards (USA)","Spain","Brazil +9.5","Willy Hernangómez (ESP)","Georgia - Slovenia"
"2023/08/26 10:25:18 pm GMT+3","Raiko","Italy","Italy","Karl-Anthony Towns (DOM)","Australia","Germany +2.5","Dennis Schröder (GER)","Montenegro","Montenegro","Nikola Vučević (MNE)","Canada","Lebanon +37.5","Shai Gilgeous-Alexander (CAN)","Philippines","Philippines","Jordan Clarkson (PHI)","Finland","Finland","Lauri Markkanen (FIN)","Lithuania","Mexico +14.5","Jonas Valančiūnas (LTU)","France","France","Evan Fournier (FRA)","China","China","Zhou Qi (CHN)","Venezuela","Venezuela +5.5","Edy Tavares (CPV)","New Zealand","New Zealand","Reuben Te Rangi (NZL)","Ivory Coast","Ivory Coast +3.5","Bazoumana Kone (CIV)","Slovenia","Georgia +8.5","Luka Dončić (SLO)","Serbia","Serbia","Bogdan Bogdanović (SRB)","USA","Greece +16.5","Anthony Edwards (USA)","Spain","Brazil +9.5","Willy Hernangómez (ESP)","Lebanon - Canada"
"2023/08/26 11:24:18 pm GMT+3","Mart","Italy","Italy","Simone Fontecchio (ITA)","Australia","Australia","Patty Mills (AUS)","Montenegro","Montenegro","Nikola Vučević (MNE)","Canada","Lebanon +37.5","Shai Gilgeous-Alexander (CAN)","Philippines","Philippines","Jordan Clarkson (PHI)","Finland","Japan +10.5","Lauri Markkanen (FIN)","Lithuania","Lithuania","Jonas Valančiūnas (LTU)","France","Latvia +12.5","Evan Fournier (FRA)","China","China","Zhao Rui (CHN)","Venezuela","Venezuela +5.5","Garly Sojo (VEN)","New Zealand","New Zealand","Rondae Hollis-Jefferson (JOR)","Ivory Coast","Ivory Coast +3.5","Bazoumana Kone (CIV)","Slovenia","Georgia +8.5","Luka Dončić (SLO)","Serbia","Serbia","Bogdan Bogdanović (SRB)","USA","USA","Anthony Edwards (USA)","Spain","Brazil +9.5","Willy Hernangómez (ESP)","Puerto Rico - Serbia"
"2023/08/27 12:11:54 am GMT+3","Kristo Kluiverson","Italy","Italy","Karl-Anthony Towns (DOM)","Australia","Germany +2.5","Patty Mills (AUS)","Montenegro","Montenegro","Nikola Vučević (MNE)","Canada","Lebanon +37.5","Shai Gilgeous-Alexander (CAN)","Philippines","Philippines","Jordan Clarkson (PHI)","Finland","Japan +10.5","Yuta Watanabe (JPN)","Lithuania","Mexico +14.5","Jonas Valančiūnas (LTU)","Latvia","Latvia +12.5","Andrejs Gražulis (LAT)","South Sudan","South Sudan +2.5","Carlik Jones (SSD)","Venezuela","Venezuela +5.5","Michael Carrera (VEN)","New Zealand","Jordan +4.5","Reuben Te Rangi (NZL)","Ivory Coast","Ivory Coast +3.5","Bazoumana Kone (CIV)","Slovenia","Georgia +8.5","Luka Dončić (SLO)","Serbia","Serbia","Bogdan Bogdanović (SRB)","USA","USA","Anthony Edwards (USA)","Spain","Brazil +9.5","Willy Hernangómez (ESP)","Lebanon - Canada"
"2023/08/27 12:36:35 am GMT+3","Jens-K","Italy","Italy","Karl-Anthony Towns (DOM)","Australia","Australia","Josh Giddey (AUS)","Montenegro","Montenegro","Nikola Vučević (MNE)","Canada","Lebanon +37.5","Shai Gilgeous-Alexander (CAN)","Philippines","Philippines","Jordan Clarkson (PHI)","Finland","Japan +10.5","Lauri Markkanen (FIN)","Lithuania","Mexico +14.5","Jonas Valančiūnas (LTU)","France","Latvia +12.5","Evan Fournier (FRA)","China","China","Carlik Jones (SSD)","Venezuela","Venezuela +5.5","Garly Sojo (VEN)","New Zealand","New Zealand","Rondae Hollis-Jefferson (JOR)","Iran","Iran","Hamed Haddadi (IRI)","Slovenia","Slovenia","Luka Dončić (SLO)","Serbia","Serbia","Bogdan Bogdanović (SRB)","USA","USA","Anthony Edwards (USA)","Spain","Brazil +9.5","Willy Hernangómez (ESP)","Georgia - Slovenia"
"2023/08/27 9:12:11 am GMT+3","Neeme Kalur","Italy","Dominican Republic +5.5","Karl-Anthony Towns (DOM)","Australia","Germany +2.5","Patty Mills (AUS)","Montenegro","Montenegro","Kendrick Perry (MNE)","Canada","Canada","Shai Gilgeous-Alexander (CAN)","Philippines","Philippines","Jordan Clarkson (PHI)","Finland","Finland","Yuta Watanabe (JPN)","Lithuania","Lithuania","Jonas Valančiūnas (LTU)","France","France","Evan Fournier (FRA)","South Sudan","South Sudan +2.5","Carlik Jones (SSD)","Venezuela","Venezuela +5.5","Garly Sojo (VEN)","New Zealand","New Zealand","Rondae Hollis-Jefferson (JOR)","Ivory Coast","Ivory Coast +3.5","Bazoumana Kone (CIV)","Slovenia","Slovenia","Luka Dončić (SLO)","Serbia","Serbia","George Conditt IV (PUR)","USA","USA","Paolo Banchero (USA)","Spain","Spain","Willy Hernangómez (ESP)","Brazil - Spain"
"2023/08/27 10:30:31 am GMT+3","Kiks","Dominican Republic","Dominican Republic +5.5","Karl-Anthony Towns (DOM)","Australia","Australia","Patty Mills (AUS)","Montenegro","Egypt +17.5","Nikola Vučević (MNE)","Canada","Lebanon +37.5","Shai Gilgeous-Alexander (CAN)","Philippines","Philippines","Jordan Clarkson (PHI)","Finland","Finland","Yuta Watanabe (JPN)","Lithuania","Lithuania","Ignas Brazdeikis (LTU)","France","France","Evan Fournier (FRA)","China","China","Kyle Anderson (CHN)","Cape Verde","Venezuela +5.5","Garly Sojo (VEN)","New Zealand","New Zealand","Rondae Hollis-Jefferson (JOR)","Ivory Coast","Ivory Coast +3.5","Bazoumana Kone (CIV)","Slovenia","Slovenia","Luka Dončić (SLO)","Serbia","Serbia","Bogdan Bogdanović (SRB)","USA","USA","Jalen Brunson (USA)","Spain","Spain","Willy Hernangómez (ESP)","Georgia - Slovenia"