"Timestamp","Sinu nimi:","Kes võidab?","Kes võidab?","Kes viskab Finland - Venezuela mängus enim punkte?","Kes võidab?","Kes võidab?","Kes viskab Angola - South Sudan mängus enim punkte?","Kes võidab?","Kes võidab?","Kes viskab New Zealand - Egypt mängus enim punkte?","Kes võidab?","Kes võidab?","Kes viskab Ivory Coast - France mängus enim punkte?","Kes võidab?","Kes võidab?","Kes viskab Japan - Cape Verde mängus enim punkte?","Kes võidab?","Kes võidab?","Kes viskab Philippines - China mängus enim punkte?","Kes võidab?","Kes võidab?","Kes viskab Jordan - Mexico mängus enim punkte?","Kes võidab?","Kes võidab?","Kes viskab Iran - Lebanon mängus enim punkte?","Kes võidab?","Kes võidab?","Kes viskab Australia - Georgia mängus enim punkte?","Kes võidab?","Kes võidab?","Kes viskab Italy - Puerto Rico mängus enim punkte?","Kes võidab?","Kes võidab?","Kes viskab Greece - Montenegro mängus enim punkte?","Kes võidab?","Kes võidab?","Kes viskab Brazil - Latvia mängus enim punkte?","Kes võidab?","Kes võidab?","Kes viskab Germany - Slovenia mängus enim punkte?","Kes võidab?","Kes võidab?","Kes viskab Dominican Republic - Serbia mängus enim punkte?","Kes võidab?","Kes võidab?","Kes viskab USA - Lithuania mängus enim punkte?","Kes võidab?","Kes võidab?","Kes viskab Spain - Canada mängus enim punkte?","Millise mängu eest sa topelt punkte sooviksid?"
"2023/09/01 10:25:20 am GMT+3","Mario","Finland","Venezuela +14.5","Lauri Markkanen (FIN)","South Sudan","South Sudan","Bruno Fernando (ANG)","New Zealand","New Zealand","Finn Delany (NZL)","France","France","Guerschon Yabusele (FRA)","Japan","Japan","Josh Hawkinson (JPN)","Philippines","Philippines","Jordan Clarkson (PHI)","Mexico","Mexico","Jorge Camacho (MEX)","Lebanon","Lebanon","Omari Spellman (LBN)","Australia","Australia","Patty Mills (AUS)","Italy","Italy","Simone Fontecchio (ITA)","Greece","Greece","Giannoulis Larentzakis (GRE)","Latvia","Latvia +4.5","Dāvis Bertāns (LAT)","Slovenia","Slovenia +3.5","Luka Dončić (SLO)","Serbia","Serbia","Nikola Jović (SRB)","USA","USA","Paolo Banchero (USA)","Canada","Canada","Juancho Hernangómez (ESP)","USA - Lithuania"
"2023/09/01 1:43:00 pm GMT+3","RS","Finland","Venezuela +14.5","Lauri Markkanen (FIN)","South Sudan","South Sudan","Carlik Jones (SSD)","New Zealand","New Zealand","Yanni Wetzell (NZL)","France","France","Evan Fournier (FRA)","Japan","Cape Verde +8.5","Yuta Watanabe (JPN)","Philippines","Philippines","Jordan Clarkson (PHI)","Jordan","Jordan +3.5","Paul Stoll (MEX)","Iran","Iran +3.5","Hamed Haddadi (IRI)","Australia","Australia","Josh Giddey (AUS)","Italy","Italy","Nicolò Melli (ITA)","Montenegro","Montenegro +2.5","Nikola Vučević (MNE)","Latvia","Latvia +4.5","Artūrs Žagars (LAT)","Slovenia","Slovenia +3.5","Luka Dončić (SLO)","Serbia","Dominican Republic +8.5","Marko Gudurić (SRB)","USA","Lithuania +20.5","Austin Reaves (USA)","Spain","Spain +6.5","Shai Gilgeous-Alexander (CAN)","Finland - Venezuela"
"2023/09/01 4:27:08 pm GMT+3","Jens-K","Finland","Finland","Lauri Markkanen (FIN)","South Sudan","South Sudan","Carlik Jones (SSD)","Egypt","Egypt +5.5","Ehab Amin (EGY)","France","France","Evan Fournier (FRA)","Japan","Cape Verde +8.5","Yuta Watanabe (JPN)","China","China +2.5","Jordan Clarkson (PHI)","Mexico","Mexico","Rondae Hollis-Jefferson (JOR)","Lebanon","Lebanon","Omari Spellman (LBN)","Australia","Australia","Patty Mills (AUS)","Italy","Italy","Simone Fontecchio (ITA)","Montenegro","Montenegro +2.5","Nikola Vučević (MNE)","Latvia","Latvia +4.5","Yago dos Santos (BRA)","Germany","Germany","Luka Dončić (SLO)","Serbia","Serbia","Bogdan Bogdanović (SRB)","USA","Lithuania +20.5","Anthony Edwards (USA)","Canada","Canada","Shai Gilgeous-Alexander (CAN)","USA - Lithuania"
"2023/09/01 4:41:37 pm GMT+3","Kaspar","Finland","Venezuela +14.5","Lauri Markkanen (FIN)","South Sudan","South Sudan","Carlik Jones (SSD)","New Zealand","New Zealand","Reuben Te Rangi (NZL)","France","France","Élie Okobo (FRA)","Cape Verde","Cape Verde +8.5","Josh Hawkinson (JPN)","Philippines","Philippines","Jordan Clarkson (PHI)","Mexico","Mexico","Rondae Hollis-Jefferson (JOR)","Lebanon","Lebanon","Amir Saoud (LBN)","Australia","Australia","Josh Giddey (AUS)","Italy","Italy","Simone Fontecchio (ITA)","Montenegro","Montenegro +2.5","Nikola Vučević (MNE)","Latvia","Latvia +4.5","Yago dos Santos (BRA)","Germany","Germany","Luka Dončić (SLO)","Serbia","Serbia","Bogdan Bogdanović (SRB)","USA","Lithuania +20.5","Anthony Edwards (USA)","Canada","Canada","Shai Gilgeous-Alexander (CAN)","Finland - Venezuela"
"2023/09/01 8:03:57 pm GMT+3","Gert","Finland","Venezuela +14.5","Garly Sojo (VEN)","South Sudan","South Sudan","Carlik Jones (SSD)","Egypt","Egypt +5.5","Finn Delany (NZL)","France","France","Élie Okobo (FRA)","Japan","Japan","Josh Hawkinson (JPN)","Philippines","Philippines","Jordan Clarkson (PHI)","Jordan","Jordan +3.5","Francisco Cruz (MEX)","Lebanon","Lebanon","Omari Spellman (LBN)","Australia","Georgia +12.5","Josh Giddey (AUS)","Italy","Puerto Rico +8.5","Simone Fontecchio (ITA)","Montenegro","Montenegro +2.5","Nikola Vučević (MNE)","Brazil","Brazil","Yago dos Santos (BRA)","Germany","Germany","Dennis Schröder (GER)","Serbia","Serbia","Nikola Jović (SRB)","USA","Lithuania +20.5","Anthony Edwards (USA)","Canada","Canada","RJ Barrett (CAN)","Philippines - China"
"2023/09/01 9:06:40 pm GMT+3","Paul","Finland","Finland","Lauri Markkanen (FIN)","South Sudan","South Sudan","Carlik Jones (SSD)","New Zealand","New Zealand","Shea Ili (NZL)","France","France","Evan Fournier (FRA)","Japan","Cape Verde +8.5","Yuta Watanabe (JPN)","Philippines","Philippines","Jordan Clarkson (PHI)","Jordan","Jordan +3.5","Rondae Hollis-Jefferson (JOR)","Lebanon","Lebanon","Omari Spellman (LBN)","Australia","Australia","Josh Giddey (AUS)","Italy","Italy","Simone Fontecchio (ITA)","Montenegro","Montenegro +2.5","Nikola Vučević (MNE)","Latvia","Latvia +4.5","Dāvis Bertāns (LAT)","Slovenia","Slovenia +3.5","Luka Dončić (SLO)","Serbia","Dominican Republic +8.5","Karl-Anthony Towns (DOM)","USA","USA","Anthony Edwards (USA)","Canada","Canada","Shai Gilgeous-Alexander (CAN)","USA - Lithuania"
"2023/09/01 10:35:54 pm GMT+3","Raiko","Finland","Finland","Lauri Markkanen (FIN)","South Sudan","South Sudan","Carlik Jones (SSD)","New Zealand","New Zealand","Ehab Amin (EGY)","France","France","Evan Fournier (FRA)","Japan","Japan","Josh Hawkinson (JPN)","Philippines","Philippines","Jordan Clarkson (PHI)","Mexico","Mexico","Rondae Hollis-Jefferson (JOR)","Lebanon","Lebanon","Omari Spellman (LBN)","Australia","Australia","Josh Giddey (AUS)","Italy","Italy","Simone Fontecchio (ITA)","Montenegro","Montenegro +2.5","Nikola Vučević (MNE)","Latvia","Latvia +4.5","Rolands Šmits (LAT)","Germany","Germany","Dennis Schröder (GER)","Serbia","Serbia","Bogdan Bogdanović (SRB)","USA","Lithuania +20.5","Anthony Edwards (USA)","Canada","Canada","Shai Gilgeous-Alexander (CAN)","USA - Lithuania"
"2023/09/01 10:59:21 pm GMT+3","Bobi","Finland","Venezuela +14.5","Lauri Markkanen (FIN)","South Sudan","Angola +8.5","Carlik Jones (SSD)","New Zealand","New Zealand","Reuben Te Rangi (NZL)","France","France","Evan Fournier (FRA)","Japan","Cape Verde +8.5","Josh Hawkinson (JPN)","China","China +2.5","Jordan Clarkson (PHI)","Mexico","Mexico","Rondae Hollis-Jefferson (JOR)","Lebanon","Lebanon","Wael Arakji (LBN)","Australia","Georgia +12.5","Josh Giddey (AUS)","Italy","Italy","Simone Fontecchio (ITA)","Greece","Greece","Nikola Vučević (MNE)","Latvia","Latvia +4.5","Bruno Caboclo (BRA)","Slovenia","Slovenia +3.5","Luka Dončić (SLO)","Serbia","Serbia","Karl-Anthony Towns (DOM)","USA","Lithuania +20.5","Anthony Edwards (USA)","Canada","Canada","Shai Gilgeous-Alexander (CAN)","Finland - Venezuela"
"2023/09/01 11:37:43 pm GMT+3","Asso","Finland","Venezuela +14.5","Lauri Markkanen (FIN)","South Sudan","South Sudan","Carlik Jones (SSD)","New Zealand","New Zealand","Izayah Le'afa (NZL)","France","France","Jean-Philippe Dally (CIV)","Japan","Japan","Yuta Watanabe (JPN)","Philippines","Philippines","Jordan Clarkson (PHI)","Mexico","Mexico","Rondae Hollis-Jefferson (JOR)","Lebanon","Lebanon","Omari Spellman (LBN)","Australia","Georgia +12.5","Josh Giddey (AUS)","Italy","Puerto Rico +8.5","Tremont Waters (PUR)","Montenegro","Montenegro +2.5","Nikola Vučević (MNE)","Brazil","Latvia +4.5","Bruno Caboclo (BRA)","Slovenia","Slovenia +3.5","Luka Dončić (SLO)","Serbia","Dominican Republic +8.5","Karl-Anthony Towns (DOM)","USA","Lithuania +20.5","Anthony Edwards (USA)","Canada","Spain +6.5","Shai Gilgeous-Alexander (CAN)","USA - Lithuania"
"2023/09/01 11:54:27 pm GMT+3","Kaur","Finland","Venezuela +14.5","Lauri Markkanen (FIN)","South Sudan","South Sudan","Carlik Jones (SSD)","Egypt","Egypt +5.5","Assem Marei (EGY)","France","France","Guerschon Yabusele (FRA)","Japan","Japan","Josh Hawkinson (JPN)","Philippines","Philippines","Jordan Clarkson (PHI)","Mexico","Mexico","Francisco Cruz (MEX)","Lebanon","Lebanon","Omari Spellman (LBN)","Australia","Australia","Josh Giddey (AUS)","Italy","Puerto Rico +8.5","Tremont Waters (PUR)","Montenegro","Montenegro +2.5","Nikola Vučević (MNE)","Latvia","Latvia +4.5","Bruno Caboclo (BRA)","Slovenia","Slovenia +3.5","Luka Dončić (SLO)","Serbia","Dominican Republic +8.5","Karl-Anthony Towns (DOM)","USA","Lithuania +20.5","Anthony Edwards (USA)","Spain","Canada","Shai Gilgeous-Alexander (CAN)","Philippines - China"
"2023/09/02 4:01:44 am GMT+3","Mart","Finland","Venezuela +14.5","Lauri Markkanen (FIN)","South Sudan","South Sudan","Carlik Jones (SSD)","New Zealand","Egypt +5.5","Ehab Amin (EGY)","France","France","Evan Fournier (FRA)","Japan","Japan","Yuta Watanabe (JPN)","Philippines","Philippines","Jordan Clarkson (PHI)","Mexico","Mexico","Francisco Cruz (MEX)","Lebanon","Lebanon","Omari Spellman (LBN)","Australia","Georgia +12.5","Josh Giddey (AUS)","Italy","Puerto Rico +8.5","Simone Fontecchio (ITA)","Montenegro","Montenegro +2.5","Nikola Vučević (MNE)","Brazil","Latvia +4.5","Bruno Caboclo (BRA)","Germany","Germany","Dennis Schröder (GER)","Serbia","Serbia","Bogdan Bogdanović (SRB)","USA","Lithuania +20.5","Anthony Edwards (USA)","Canada","Canada","Shai Gilgeous-Alexander (CAN)","Spain - Canada"
"2023/09/02 8:00:47 am GMT+3","Neeme Kalur","Finland","Finland","Lauri Markkanen (FIN)","South Sudan","Angola +8.5","Carlik Jones (SSD)","Egypt","Egypt +5.5","Reuben Te Rangi (NZL)","France","France","Evan Fournier (FRA)","Japan","Japan","Josh Hawkinson (JPN)","Philippines","China +2.5","Jordan Clarkson (PHI)","Jordan","Jordan +3.5","Rondae Hollis-Jefferson (JOR)","Iran","Iran +3.5","Omari Spellman (LBN)","Australia","Australia","Josh Giddey (AUS)","Italy","Italy","Simone Fontecchio (ITA)","Montenegro","Montenegro +2.5","Nikola Vučević (MNE)","Brazil","Latvia +4.5","Yago dos Santos (BRA)","Slovenia","Slovenia +3.5","Luka Dončić (SLO)","Serbia","Dominican Republic +8.5","Karl-Anthony Towns (DOM)","USA","USA","Anthony Edwards (USA)","Canada","Canada","Shai Gilgeous-Alexander (CAN)","Finland - Venezuela"
"2023/09/02 8:12:51 am GMT+3","Kiks","Finland","Finland","Lauri Markkanen (FIN)","South Sudan","Angola +8.5","Carlik Jones (SSD)","New Zealand","New Zealand","Ehab Amin (EGY)","France","Ivory Coast +18.5","Evan Fournier (FRA)","Japan","Cape Verde +8.5","Josh Hawkinson (JPN)","Philippines","Philippines","Jordan Clarkson (PHI)","Jordan","Jordan +3.5","Rondae Hollis-Jefferson (JOR)","Lebanon","Lebanon","Omari Spellman (LBN)","Australia","Australia","Josh Giddey (AUS)","Italy","Italy","Simone Fontecchio (ITA)","Montenegro","Montenegro +2.5","Nikola Vučević (MNE)","Latvia","Latvia +4.5","Bruno Caboclo (BRA)","Germany","Germany","Luka Dončić (SLO)","Serbia","Dominican Republic +8.5","Karl-Anthony Towns (DOM)","USA","Lithuania +20.5","Anthony Edwards (USA)","Canada","Canada","Shai Gilgeous-Alexander (CAN)","USA - Lithuania"
"2023/09/02 8:37:36 am GMT+3","Horre","Finland","Venezuela +14.5","Lauri Markkanen (FIN)","South Sudan","Angola +8.5","Deng Acuoth (SSD)","New Zealand","Egypt +5.5","Reuben Te Rangi (NZL)","France","Ivory Coast +18.5","Guerschon Yabusele (FRA)","Japan","Japan","Yuta Watanabe (JPN)","Philippines","China +2.5","Jordan Clarkson (PHI)","Mexico","Jordan +3.5","Rondae Hollis-Jefferson (JOR)","Iran","Iran +3.5","Mohammad Amini (IRI)","Australia","Georgia +12.5","Patty Mills (AUS)","Italy","Italy","Simone Fontecchio (ITA)","Montenegro","Montenegro +2.5","Nikola Vučević (MNE)","Latvia","Latvia +4.5","Dāvis Bertāns (LAT)","Germany","Germany","Dennis Schröder (GER)","Serbia","Serbia","Bogdan Bogdanović (SRB)","USA","Lithuania +20.5","Anthony Edwards (USA)","Canada","Spain +6.5","Shai Gilgeous-Alexander (CAN)","USA - Lithuania"
"2023/09/02 9:19:21 am GMT+3","Kristo Kluiverson","Finland","Venezuela +14.5","Lauri Markkanen (FIN)","South Sudan","Angola +8.5","Carlik Jones (SSD)","New Zealand","Egypt +5.5","Ehab Amin (EGY)","France","Ivory Coast +18.5","Evan Fournier (FRA)","Japan","Cape Verde +8.5","Yuta Watanabe (JPN)","Philippines","China +2.5","Li Kaier (CHN)","Mexico","Jordan +3.5","Joshua Ibarra (MEX)","Lebanon","Iran +3.5","Omari Spellman (LBN)","Australia","Georgia +12.5","Sandro Mamukelashvili (GEO)","Italy","Puerto Rico +8.5","Tremont Waters (PUR)","Greece","Montenegro +2.5","Nikola Vučević (MNE)","Brazil","Latvia +4.5","Yago dos Santos (BRA)","Germany","Slovenia +3.5","Dennis Schröder (GER)","Serbia","Dominican Republic +8.5","Bogdan Bogdanović (SRB)","USA","Lithuania +20.5","Jonas Valančiūnas (LTU)","Canada","Spain +6.5","Shai Gilgeous-Alexander (CAN)","Finland - Venezuela"
"2023/09/02 10:06:55 am GMT+3","Valmar","Finland","Finland","Lauri Markkanen (FIN)","South Sudan","South Sudan","Carlik Jones (SSD)","New Zealand","New Zealand","Shea Ili (NZL)","France","France","Guerschon Yabusele (FRA)","Japan","Japan","Yuta Watanabe (JPN)","Philippines","Philippines","Jordan Clarkson (PHI)","Jordan","Jordan +3.5","Rondae Hollis-Jefferson (JOR)","Lebanon","Lebanon","Omari Spellman (LBN)","Australia","Australia","Patty Mills (AUS)","Italy","Italy","Simone Fontecchio (ITA)","Greece","Greece","Nikola Vučević (MNE)","Brazil","Brazil","Bruno Caboclo (BRA)","Germany","Germany","Dennis Schröder (GER)","Serbia","Serbia","Bogdan Bogdanović (SRB)","USA","Lithuania +20.5","Anthony Edwards (USA)","Canada","Spain +6.5","Shai Gilgeous-Alexander (CAN)","USA - Lithuania"
"2023/09/02 10:27:26 am GMT+3","Roger","Finland","Finland","Lauri Markkanen (FIN)","South Sudan","South Sudan","João Fernandes (ANG)","New Zealand","New Zealand","Shea Ili (NZL)","France","France","Guerschon Yabusele (FRA)","Cape Verde","Cape Verde +8.5","Edy Tavares (CPV)","China","China +2.5","Li Kaier (CHN)","Mexico","Mexico","Gabriel Girón (MEX)","Iran","Iran +3.5","Omari Spellman (LBN)","Australia","Georgia +12.5","Tornike Shengelia (GEO)","Italy","Italy","Simone Fontecchio (ITA)","Greece","Greece","Giannoulis Larentzakis (GRE)","Brazil","Brazil","Dāvis Bertāns (LAT)","Slovenia","Slovenia +3.5","Luka Dončić (SLO)","Serbia","Serbia","Bogdan Bogdanović (SRB)","USA","Lithuania +20.5","Anthony Edwards (USA)","Canada","Canada","Shai Gilgeous-Alexander (CAN)","Germany - Slovenia"