"Timestamp","Sinu nimi:","Kes võidab?","Kes võidab?","Kes viskab Angola - Italy mängus enim punkte?","Kes võidab?","Kes võidab?","Kes viskab Finland - Australia mängus enim punkte?","Kes võidab?","Kes võidab?","Kes viskab Mexico - Montenegro mängus enim punkte?","Kes võidab?","Kes võidab?","Kes viskab Latvia - Lebanon mängus enim punkte?","Kes võidab?","Kes võidab?","Kes viskab Dominican Republic - Philippines mängus enim punkte?","Kes võidab?","Kes võidab?","Kes viskab Germany - Japan mängus enim punkte?","Kes võidab?","Kes võidab?","Kes viskab Egypt - Lithuania mängus enim punkte?","Kes võidab?","Kes võidab?","Kes viskab Canada - France mängus enim punkte?","Kes võidab?","Kes võidab?","Kes viskab South Sudan - Puerto Rico mängus enim punkte?","Kes võidab?","Kes võidab?","Kes viskab Cape Verde - Georgia mängus enim punkte?","Kes võidab?","Kes võidab?","Kes viskab Jordan - Greece mängus enim punkte?","Kes võidab?","Kes võidab?","Kes viskab Iran - Brazil mängus enim punkte?","Kes võidab?","Kes võidab?","Kes viskab Slovenia - Venezuela mängus enim punkte?","Kes võidab?","Kes võidab?","Kes viskab Serbia - China mängus enim punkte?","Kes võidab?","Kes võidab?","Kes viskab USA - New Zealand mängus enim punkte?","Kes võidab?","Kes võidab?","Kes viskab Spain - Ivory Coast mängus enim punkte?","Millise mängu eest sa topelt punkte sooviksid?"
"2023/08/21 11:12:06 pm GMT+3","Horre","Italy","Italy","Simone Fontecchio (ITA)","Australia","Australia","Matisse Thybulle (AUS)","Mexico","Mexico +9.5","Kendrick Perry (MNE)","Latvia","Latvia","Dāvis Bertāns (LAT)","Dominican Republic","Dominican Republic","Karl Towns (DOM)","Germany","Germany","Franz Wagner (GER)","Lithuania","Lithuania","Jonas Valanciunas (LTU)","France","France","Shai Gilgeous-Alexander (CAN)","Puerto Rico","Puerto Rico","Tremont Waters (PUR)","Georgia","Georgia","Walter Tavares (CPV)","Greece","Greece","Ioannis Papapetrou (GRE)","Brazil","Brazil","Bruno Caboclo (BRA)","Slovenia","Slovenia","Luka Dončić (SLO)","Serbia","Serbia","Bogdan Bogdanović (SRB)","USA","USA","Anthony Edwards (USA)","Spain","Spain","Juancho Hernangómez (ESP)","Slovenia - Venezuela"
"2023/08/22 10:42:00 am GMT+3","RS","Italy","Angola +18.5","Simone Fontecchio (ITA)","Australia","Finland +9.5","Patty Mills (AUS)","Montenegro","Montenegro","Marko Simonović (MNE)","Latvia","Latvia","Dairis Bertāns (LAT)","Dominican Republic","Dominican Republic","Eloy Vargas (DOM)","Germany","Japan +16.5","Franz Wagner (GER)","Lithuania","Egypt +19.5","Jonas Valanciunas (LTU)","France","Canada +2.5","Shai Gilgeous-Alexander (CAN)","Puerto Rico","Puerto Rico","Christopher Ortiz (PUR)","Cape Verde","Georgia","Walter Tavares (CPV)","Greece","Jordan +24.5","Ioannis Papapetrou (GRE)","Brazil","Brazil","Bruno Caboclo (BRA)","Slovenia","Venezuela +19.5","Luka Dončić (SLO)","Serbia","Serbia","Marko Gudurić (SRB)","USA","New Zealand +34.5","Tyrese Haliburton (USA)","Spain","Spain","Willy Hernangómez (ESP)","Slovenia - Venezuela"
"2023/08/22 11:54:30 am GMT+3","Jens-K","Italy","Angola +18.5","Simone Fontecchio (ITA)","Australia","Australia","Lauri Markkanen (FIN)","Montenegro","Montenegro","Nikola Vučević (MNE)","Latvia","Lebanon +15.5","Rolands Šmits (LAT)","Dominican Republic","Philippines +9.5","Karl Towns (DOM)","Germany","Germany","Dennis Schröder (GER)","Lithuania","Lithuania","Jonas Valanciunas (LTU)","France","France","Guerschon Yabusele (FRA)","Puerto Rico","Puerto Rico","Wenyen Gabriel (SSD)","Georgia","Cape Verde +11.5","Walter Tavares (CPV)","Greece","Greece","Thomas Walkup (GRE)","Brazil","Brazil","Bruno Caboclo (BRA)","Slovenia","Slovenia","Luka Dončić (SLO)","Serbia","China +18.5","Bogdan Bogdanović (SRB)","USA","New Zealand +34.5","Anthony Edwards (USA)","Spain","Spain","Juancho Hernangómez (ESP)","Finland - Australia"
"2023/08/22 2:26:28 pm GMT+3","Gert","Italy","Italy","Simone Fontecchio (ITA)","Australia","Finland +9.5","Lauri Markkanen (FIN)","Montenegro","Montenegro","Vladimir Mihailović (MNE)","Latvia","Latvia","Dāvis Bertāns (LAT)","Dominican Republic","Dominican Republic","Eloy Vargas (DOM)","Germany","Germany","Dennis Schröder (GER)","Lithuania","Lithuania","Ignas Brazdeikis (LTU)","France","France","Rudy Gobert (FRA)","Puerto Rico","Puerto Rico","Tremont Waters (PUR)","Georgia","Georgia","Walter Tavares (CPV)","Greece","Greece","Kostas Papanikolaou (GRE)","Brazil","Brazil","Bruno Caboclo (BRA)","Slovenia","Slovenia","Luka Dončić (SLO)","Serbia","Serbia","Nikola Milutinov (SRB)","USA","USA","Anthony Edwards (USA)","Spain","Spain","Willy Hernangómez (ESP)","Slovenia - Venezuela"
"2023/08/22 2:42:53 pm GMT+3","Kaspar","Italy","Angola +18.5","Simone Fontecchio (ITA)","Australia","Finland +9.5","Lauri Markkanen (FIN)","Montenegro","Montenegro","Nikola Vučević (MNE)","Latvia","Latvia","Aigars Šķēle (LAT)","Dominican Republic","Dominican Republic","Karl Towns (DOM)","Germany","Germany","Maodo Lô (GER)","Lithuania","Egypt +19.5","Jonas Valanciunas (LTU)","Canada","Canada +2.5","Shai Gilgeous-Alexander (CAN)","South Sudan","South Sudan +6.5","Carlik Jones (SSD)","Georgia","Georgia","Tornike Shengelia (GEO)","Greece","Jordan +24.5","Georgios Papagiannis (GRE)","Brazil","Brazil","Tim Soares (BRA)","Slovenia","Slovenia","Luka Dončić (SLO)","Serbia","Serbia","Bogdan Bogdanović (SRB)","USA","New Zealand +34.5","Anthony Edwards (USA)","Spain","Spain","Willy Hernangómez (ESP)","Slovenia - Venezuela"
"2023/08/23 10:39:10 pm GMT+3","Kristo Kluiverson","Italy","Italy","Simone Fontecchio (ITA)","Australia","Finland +9.5","Lauri Markkanen (FIN)","Montenegro","Montenegro","Kendrick Perry (MNE)","Latvia","Lebanon +15.5","Kristers Zoriks (LAT)","Dominican Republic","Philippines +9.5","Karl Towns (DOM)","Germany","Germany","Franz Wagner (GER)","Lithuania","Lithuania","Jonas Valanciunas (LTU)","France","France","Shai Gilgeous-Alexander (CAN)","Puerto Rico","Puerto Rico","Gob Gabriel (SSD)","Georgia","Georgia","Goga Bitadze (GEO)","Greece","Jordan +24.5","Georgios Papagiannis (GRE)","Brazil","Brazil","Raul Neto (BRA)","Slovenia","Venezuela +19.5","Luka Dončić (SLO)","Serbia","China +18.5","Bogdan Bogdanović (SRB)","USA","USA","Anthony Edwards (USA)","Spain","Ivory Coast +22.5","Willy Hernangómez (ESP)","Mexico - Montenegro"
"2023/08/23 10:51:19 pm GMT+3","Paul","Italy","Italy","Simone Fontecchio (ITA)","Finland","Finland +9.5","Lauri Markkanen (FIN)","Montenegro","Montenegro","Nikola Vučević (MNE)","Latvia","Latvia","Omari Spellman (LBN)","Dominican Republic","Dominican Republic","Karl Towns (DOM)","Germany","Germany","Dennis Schröder (GER)","Lithuania","Egypt +19.5","Jonas Valanciunas (LTU)","Canada","Canada +2.5","Shai Gilgeous-Alexander (CAN)","Puerto Rico","Puerto Rico","Ethan Thompson (PUR)","Georgia","Georgia","Thad McFadden (GEO)","Greece","Jordan +24.5","Rondae Hollis-Jefferson (JOR)","Brazil","Iran +16.5","Raul Neto (BRA)","Slovenia","Slovenia","Luka Dončić (SLO)","Serbia","China +18.5","Bogdan Bogdanović (SRB)","USA","USA","Anthony Edwards (USA)","Spain","Spain","Juancho Hernangómez (ESP)","USA - New Zealand"
"2023/08/23 11:07:06 pm GMT+3","Mart","Italy","Italy","Simone Fontecchio (ITA)","Australia","Australia","Josh Giddey (AUS)","Montenegro","Mexico +9.5","Nikola Vučević (MNE)","Latvia","Latvia","Rolands Šmits (LAT)","Dominican Republic","Dominican Republic","Karl Towns (DOM)","Germany","Germany","Franz Wagner (GER)","Lithuania","Lithuania","Jonas Valanciunas (LTU)","France","Canada +2.5","Evan Fournier (FRA)","Puerto Rico","South Sudan +6.5","Tremont Waters (PUR)","Georgia","Georgia","Goga Bitadze (GEO)","Greece","Jordan +24.5","Nikos Rogkavopoulos (GRE)","Brazil","Brazil","Bruno Caboclo (BRA)","Slovenia","Slovenia","Luka Dončić (SLO)","Serbia","Serbia","Filip Petrušev (SRB)","USA","USA","Anthony Edwards (USA)","Spain","Spain","Juancho Hernangómez (ESP)","Slovenia - Venezuela"
"2023/08/24 12:19:58 pm GMT+3","Bobi","Italy","Angola +18.5","Simone Fontecchio (ITA)","Australia","Australia","Lauri Markkanen (FIN)","Montenegro","Mexico +9.5","Nikola Vučević (MNE)","Latvia","Lebanon +15.5","Dāvis Bertāns (LAT)","Dominican Republic","Dominican Republic","Karl Towns (DOM)","Germany","Japan +16.5","Dennis Schröder (GER)","Lithuania","Egypt +19.5","Jonas Valanciunas (LTU)","France","France","Shai Gilgeous-Alexander (CAN)","Puerto Rico","Puerto Rico","Tremont Waters (PUR)","Georgia","Cape Verde +11.5","Tornike Shengelia (GEO)","Greece","Jordan +24.5","Dinos Mitoglou (GRE)","Brazil","Iran +16.5","Bruno Caboclo (BRA)","Slovenia","Venezuela +19.5","Luka Dončić (SLO)","Serbia","China +18.5","Bogdan Bogdanović (SRB)","USA","New Zealand +34.5","Anthony Edwards (USA)","Spain","Ivory Coast +22.5","Willy Hernangómez (ESP)","Slovenia - Venezuela"
"2023/08/24 1:40:15 pm GMT+3","Valmar","Italy","Italy","Simone Fontecchio (ITA)","Australia","Australia","Lauri Markkanen (FIN)","Montenegro","Mexico +9.5","Nikola Vučević (MNE)","Latvia","Latvia","Rolands Šmits (LAT)","Dominican Republic","Philippines +9.5","Karl Towns (DOM)","Germany","Germany","Franz Wagner (GER)","Lithuania","Lithuania","Ignas Brazdeikis (LTU)","France","France","Shai Gilgeous-Alexander (CAN)","Puerto Rico","Puerto Rico","Jordan Howard (PUR)","Georgia","Georgia","Tornike Shengelia (GEO)","Greece","Jordan +24.5","Kostas Papanikolaou (GRE)","Brazil","Iran +16.5","Raul Neto (BRA)","Slovenia","Slovenia","Jaka Blažič (SLO)","Serbia","Serbia","Bogdan Bogdanović (SRB)","USA","USA","Anthony Edwards (USA)","Spain","Spain","Álex Abrines (ESP)","USA - New Zealand"
"2023/08/24 4:47:02 pm GMT+3","Roger","Italy","Italy","Marco Spissu (ITA)","Australia","Finland +9.5","Lauri Markkanen (FIN)","Mexico","Mexico +9.5","Bojan Dubljević (MNE)","Latvia","Latvia","Dāvis Bertāns (LAT)","Dominican Republic","Philippines +9.5","Karl Towns (DOM)","Germany","Germany","Franz Wagner (GER)","Lithuania","Egypt +19.5","Jonas Valanciunas (LTU)","France","France","Shai Gilgeous-Alexander (CAN)","Puerto Rico","Puerto Rico","Stephen Thompson (PUR)","Georgia","Cape Verde +11.5","Walter Tavares (CPV)","Greece","Jordan +24.5","Giannoulis Larentzakis (GRE)","Brazil","Brazil","Raul Neto (BRA)","Slovenia","Venezuela +19.5","Luka Dončić (SLO)","Serbia","China +18.5","Bogdan Bogdanović (SRB)","USA","New Zealand +34.5","Anthony Edwards (USA)","Spain","Ivory Coast +22.5","Usman Garuba (ESP)","Slovenia - Venezuela"
"2023/08/24 11:05:30 pm GMT+3","Mario","Italy","Italy","Nicolò Melli (ITA)","Australia","Australia","Lauri Markkanen (FIN)","Montenegro","Montenegro","Kendrick Perry (MNE)","Latvia","Latvia","Dāvis Bertāns (LAT)","Dominican Republic","Dominican Republic","Jordan Clarkson (PHI)","Germany","Germany","Franz Wagner (GER)","Lithuania","Lithuania","Mindaugas Kuzminskas (LTU)","Canada","Canada +2.5","Shai Gilgeous-Alexander (CAN)","Puerto Rico","Puerto Rico","Christopher Ortiz (PUR)","Cape Verde","Cape Verde +11.5","Walter Tavares (CPV)","Greece","Greece","Kostas Papanikolaou (GRE)","Brazil","Iran +16.5","Hamed Haddadi (IRI)","Slovenia","Slovenia","Luka Dončić (SLO)","Serbia","Serbia","Bogdan Bogdanović (SRB)","USA","USA","Anthony Edwards (USA)","Spain","Ivory Coast +22.5","Willy Hernangómez (ESP)","USA - New Zealand"
"2023/08/24 11:41:09 pm GMT+3","Raiko","Italy","Angola +18.5","Simone Fontecchio (ITA)","Australia","Australia","Lauri Markkanen (FIN)","Montenegro","Mexico +9.5","Kendrick Perry (MNE)","Latvia","Latvia","Dāvis Bertāns (LAT)","Dominican Republic","Dominican Republic","Jordan Clarkson (PHI)","Germany","Germany","Franz Wagner (GER)","Lithuania","Lithuania","Ignas Brazdeikis (LTU)","France","Canada +2.5","Shai Gilgeous-Alexander (CAN)","Puerto Rico","South Sudan +6.5","Tremont Waters (PUR)","Georgia","Georgia","Walter Tavares (CPV)","Greece","Greece","Georgios Papagiannis (GRE)","Brazil","Brazil","Bruno Caboclo (BRA)","Slovenia","Slovenia","Mike Tobey (SLO)","Serbia","Serbia","Bogdan Bogdanović (SRB)","USA","New Zealand +34.5","Anthony Edwards (USA)","Spain","Spain","Willy Hernangómez (ESP)","Finland - Australia"
"2023/08/25 12:49:08 am GMT+3","Neeme Kalur","Italy","Italy","Marco Spissu (ITA)","Australia","Australia","Lauri Markkanen (FIN)","Montenegro","Montenegro","Nikola Vučević (MNE)","Latvia","Latvia","Omari Spellman (LBN)","Philippines","Philippines +9.5","Jordan Clarkson (PHI)","Germany","Germany","Dennis Schröder (GER)","Lithuania","Lithuania","Jonas Valanciunas (LTU)","France","France","Shai Gilgeous-Alexander (CAN)","Puerto Rico","Puerto Rico","Christopher Ortiz (PUR)","Georgia","Georgia","Tornike Shengelia (GEO)","Greece","Greece","Kostas Papanikolaou (GRE)","Brazil","Brazil","Raul Neto (BRA)","Slovenia","Slovenia","Luka Dončić (SLO)","Serbia","Serbia","Bogdan Bogdanović (SRB)","USA","USA","Anthony Edwards (USA)","Spain","Spain","Sergio Llull (ESP)","Slovenia - Venezuela"
"2023/08/25 8:31:56 am GMT+3","Kaur","Italy","Italy","Luigi Datome (ITA)","Australia","Finland +9.5","Lauri Markkanen (FIN)","Montenegro","Mexico +9.5","Nikola Ivanović (MNE)","Latvia","Latvia","Rolands Šmits (LAT)","Dominican Republic","Dominican Republic","Karl Towns (DOM)","Germany","Germany","Dennis Schröder (GER)","Lithuania","Lithuania","Jonas Valanciunas (LTU)","France","France","Shai Gilgeous-Alexander (CAN)","South Sudan","South Sudan +6.5","Stephen Thompson (PUR)","Georgia","Georgia","Goga Bitadze (GEO)","Greece","Jordan +24.5","Dinos Mitoglou (GRE)","Brazil","Iran +16.5","Bruno Caboclo (BRA)","Slovenia","Slovenia","Luka Dončić (SLO)","Serbia","Serbia","Nikola Jović (SRB)","USA","USA","Anthony Edwards (USA)","Spain","Spain","Willy Hernangómez (ESP)","Slovenia - Venezuela"
"2023/08/25 9:23:36 am GMT+3","Asso","Italy","Italy","Simone Fontecchio (ITA)","Australia","Finland +9.5","Lauri Markkanen (FIN)","Montenegro","Mexico +9.5","Kendrick Perry (MNE)","Latvia","Latvia","Rodions Kurucs (LAT)","Dominican Republic","Philippines +9.5","Jordan Clarkson (PHI)","Germany","Japan +16.5","Daniel Theis (GER)","Lithuania","Lithuania","Donatas Motiejunas (LTU)","Canada","Canada +2.5","Evan Fournier (FRA)","Puerto Rico","Puerto Rico","Tremont Waters (PUR)","Georgia","Georgia","Thad McFadden (GEO)","Greece","Greece","Ahmad Al-Dwairi (JOR)","Brazil","Iran +16.5","Behnam Yakhchali (IRI)","Slovenia","Slovenia","Luka Dončić (SLO)","Serbia","Serbia","Zhou Qi (CHN)","USA","New Zealand +34.5","Anthony Edwards (USA)","Spain","Spain","Jean-Philippe Dally (CIV)","Iran - Brazil"
"2023/08/25 10:18:01 am GMT+3","Kristjan Evart","Italy","Italy","Simone Fontecchio (ITA)","Australia","Finland +9.5","Lauri Markkanen (FIN)","Montenegro","Montenegro","Kendrick Perry (MNE)","Latvia","Latvia","Dāvis Bertāns (LAT)","Dominican Republic","Dominican Republic","Jean Montero (DOM)","Germany","Japan +16.5","Dennis Schröder (GER)","Lithuania","Egypt +19.5","Rokas Jokubaitis (LTU)","France","France","Evan Fournier (FRA)","Puerto Rico","Puerto Rico","Ismael Romero (PUR)","Georgia","Georgia","Thad McFadden (GEO)","Greece","Jordan +24.5","Ioannis Papapetrou (GRE)","Brazil","Brazil","Bruno Caboclo (BRA)","Slovenia","Slovenia","Luka Dončić (SLO)","Serbia","Serbia","Bogdan Bogdanović (SRB)","USA","USA","Anthony Edwards (USA)","Spain","Spain","Juancho Hernangómez (ESP)","Finland - Australia"
"2023/08/25 10:24:27 am GMT+3","Kiks","Italy","Italy","Simone Fontecchio (ITA)","Australia","Finland +9.5","Lauri Markkanen (FIN)","Montenegro","Montenegro","Nikola Vučević (MNE)","Latvia","Latvia","Rodions Kurucs (LAT)","Dominican Republic","Philippines +9.5","Jordan Clarkson (PHI)","Germany","Japan +16.5","Dennis Schröder (GER)","Lithuania","Egypt +19.5","Jonas Valanciunas (LTU)","Canada","Canada +2.5","Shai Gilgeous-Alexander (CAN)","Puerto Rico","Puerto Rico","Tremont Waters (PUR)","Georgia","Cape Verde +11.5","Tornike Shengelia (GEO)","Greece","Jordan +24.5","Kostas Papanikolaou (GRE)","Brazil","Iran +16.5","Raul Neto (BRA)","Slovenia","Venezuela +19.5","Luka Dončić (SLO)","Serbia","China +18.5","Nikola Jović (SRB)","USA","New Zealand +34.5","Anthony Edwards (USA)","Spain","Ivory Coast +22.5","Willy Hernangómez (ESP)","Angola - Italy"