"Timestamp","Sinu nimi:","Kes võidab?","Kes võidab?","Kes viskab Lithuania - Serbia mängus enim punkte?","Kes võidab?","Kes võidab?","Kes viskab Italy - USA mängus enim punkte?","Kes võidab?","Kes võidab?","Kes viskab Germany - Latvia mängus enim punkte?","Kes võidab?","Kes võidab?","Kes viskab Canada - Slovenia mängus enim punkte?","Millise mängu eest sa topelt punkte sooviksid?","Kellele sa šokolaadi kinkida tahaksid?"
"2023/09/03 8:49:42 pm GMT+3","Gert","Serbia","Serbia","Rokas Jokubaitis (LTU)","USA","Italy +14.5","Anthony Edwards (USA)","Latvia","Latvia +7.5","Dāvis Bertāns (LAT)","Slovenia","Slovenia +5.5","Luka Dončić (SLO)","Canada - Slovenia","Kaspar"
"2023/09/03 9:30:48 pm GMT+3","Valmar","Serbia","Serbia","Bogdan Bogdanović (SRB)","USA","Italy +14.5","Anthony Edwards (USA)","Germany","Germany","Dennis Schröder (GER)","Canada","Canada","Shai Gilgeous-Alexander (CAN)","Germany - Latvia","Asso"
"2023/09/03 10:07:51 pm GMT+3","Horre","Lithuania","Lithuania +1.5","Bogdan Bogdanović (SRB)","USA","Italy +14.5","Anthony Edwards (USA)","Germany","Latvia +7.5","Dennis Schröder (GER)","Canada","Slovenia +5.5","Luka Dončić (SLO)","Italy - USA",""
"2023/09/04 9:13:01 am GMT+3","Kiks","Lithuania","Lithuania +1.5","Bogdan Bogdanović (SRB)","USA","Italy +14.5","Anthony Edwards (USA)","Germany","Latvia +7.5","Dennis Schröder (GER)","Canada","Canada","Luka Dončić (SLO)","Canada - Slovenia","Raiko"
"2023/09/04 9:38:36 am GMT+3","RS","Lithuania","Lithuania +1.5","Tomas Dimša (LTU)","USA","Italy +14.5","Anthony Edwards (USA)","Germany","Germany","Dennis Schröder (GER)","Slovenia","Slovenia +5.5","Luka Dončić (SLO)","Italy - USA","Roger"
"2023/09/04 11:06:03 am GMT+3","Kaspar","Lithuania","Lithuania +1.5","Bogdan Bogdanović (SRB)","USA","USA","Simone Fontecchio (ITA)","Germany","Germany","Dennis Schröder (GER)","Slovenia","Slovenia +5.5","Luka Dončić (SLO)","Italy - USA","Kristo Kluiverson"
"2023/09/04 11:38:01 am GMT+3","Mario","Lithuania","Lithuania +1.5","Stefan Jović (SRB)","USA","USA","Anthony Edwards (USA)","Germany","Germany","Dennis Schröder (GER)","Slovenia","Slovenia +5.5","Luka Dončić (SLO)","Italy - USA","Kiks"
"2023/09/04 1:46:32 pm GMT+3","Kristo Kluiverson","Serbia","Serbia","Bogdan Bogdanović (SRB)","USA","USA","Jalen Brunson (USA)","Germany","Germany","Dennis Schröder (GER)","Slovenia","Slovenia +5.5","Luka Dončić (SLO)","Italy - USA",""
"2023/09/04 3:12:42 pm GMT+3","Jens-K","Lithuania","Lithuania +1.5","Bogdan Bogdanović (SRB)","USA","Italy +14.5","Anthony Edwards (USA)","Germany","Germany","Dennis Schröder (GER)","Canada","Canada","Luka Dončić (SLO)","Germany - Latvia","Raiko"
"2023/09/04 3:17:01 pm GMT+3","Paul","Lithuania","Lithuania +1.5","Jonas Valančiūnas (LTU)","USA","USA","Anthony Edwards (USA)","Germany","Germany","Dennis Schröder (GER)","Canada","Canada","Luka Dončić (SLO)","Italy - USA",""
"2023/09/04 3:52:24 pm GMT+3","Neeme Kalur","Lithuania","Lithuania +1.5","Bogdan Bogdanović (SRB)","USA","USA","Anthony Edwards (USA)","Germany","Germany","Dennis Schröder (GER)","Canada","Canada","Shai Gilgeous-Alexander (CAN)","Germany - Latvia","Kristo Kluiverson"
"2023/09/04 4:12:17 pm GMT+3","Roger","Serbia","Serbia","Bogdan Bogdanović (SRB)","Italy","Italy +14.5","Nicolò Melli (ITA)","Latvia","Latvia +7.5","Dāvis Bertāns (LAT)","Canada","Canada","Shai Gilgeous-Alexander (CAN)","Lithuania - Serbia","RS"
"2023/09/04 8:33:34 pm GMT+3","Mart","Lithuania","Lithuania +1.5","Jonas Valančiūnas (LTU)","USA","USA","Anthony Edwards (USA)","Germany","Germany","Dennis Schröder (GER)","Canada","Canada","Shai Gilgeous-Alexander (CAN)","Italy - USA",""
"2023/09/04 9:29:23 pm GMT+3","Asso","Lithuania","Lithuania +1.5","Bogdan Bogdanović (SRB)","USA","USA","Anthony Edwards (USA)","Germany","Latvia +7.5","Dennis Schröder (GER)","Canada","Slovenia +5.5","Shai Gilgeous-Alexander (CAN)","Italy - USA","Valmar"
"2023/09/05 7:55:58 am GMT+3","Raiko","Serbia","Serbia","Bogdan Bogdanović (SRB)","USA","USA","Anthony Edwards (USA)","Germany","Germany","Dennis Schröder (GER)","Canada","Canada","Luka Dončić (SLO)","Germany - Latvia","Kristo Kluiverson"
"2023/09/05 7:57:23 am GMT+3","Horre","Lithuania","Lithuania +1.5","Bogdan Bogdanović (SRB)","USA","USA","Anthony Edwards (USA)","Germany","Germany","Dennis Schröder (GER)","Canada","Canada","Shai Gilgeous-Alexander (CAN)","Italy - USA",""
"2023/09/05 10:15:14 am GMT+3","Kaur","Lithuania","Lithuania +1.5","Jonas Valančiūnas (LTU)","USA","USA","Anthony Edwards (USA)","Germany","Germany","Dennis Schröder (GER)","Slovenia","Slovenia +5.5","Luka Dončić (SLO)","Italy - USA","Kristo Kluiverson"
"2023/09/05 11:38:00 am GMT+3","Bobi","Serbia","Lithuania +1.5","Jonas Valančiūnas (LTU)","USA","Italy +14.5","Simone Fontecchio (ITA)","Germany","Germany","Dennis Schröder (GER)","Canada","Slovenia +5.5","Shai Gilgeous-Alexander (CAN)","Germany - Latvia",""