"Timestamp","Sinu nimi:","Kes võidab?","Kes võidab?","Kes viskab Germany - Finland mängus enim punkte?","Kes võidab?","Kes võidab?","Kes viskab Angola - Dominican Republic mängus enim punkte?","Kes võidab?","Kes võidab?","Kes viskab Egypt - Mexico mängus enim punkte?","Kes võidab?","Kes võidab?","Kes viskab Lebanon - France mängus enim punkte?","Kes võidab?","Kes võidab?","Kes viskab Australia - Japan mängus enim punkte?","Kes võidab?","Kes võidab?","Kes viskab Philippines - Italy mängus enim punkte?","Kes võidab?","Kes võidab?","Kes viskab Montenegro - Lithuania mängus enim punkte?","Kes võidab?","Kes võidab?","Kes viskab Canada - Latvia mängus enim punkte?","Kes võidab?","Kes võidab?","Kes viskab South Sudan - Serbia mängus enim punkte?","Kes võidab?","Kes võidab?","Kes viskab Georgia - Venezuela mängus enim punkte?","Kes võidab?","Kes võidab?","Kes viskab USA - Jordan mängus enim punkte?","Kes võidab?","Kes võidab?","Kes viskab Ivory Coast - Brazil mängus enim punkte?","Kes võidab?","Kes võidab?","Kes viskab Slovenia - Cape Verde mängus enim punkte?","Kes võidab?","Kes võidab?","Kes viskab China - Puerto Rico mängus enim punkte?","Kes võidab?","Kes võidab?","Kes viskab New Zealand - Greece mängus enim punkte?","Kes võidab?","Kes võidab?","Kes viskab Iran - Spain mängus enim punkte?","Millise mängu eest sa topelt punkte sooviksid?"
"2023/08/27 8:31:54 pm GMT+3","Kaspar","Germany","Germany","Dennis Schröder (GER)","Dominican Republic","Angola +11.5","Karl-Anthony Towns (DOM)","Egypt","Mexico","Ehab Amin (EGY)","France","Lebanon +40.5","Evan Fournier (FRA)","Australia","Australia","Patty Mills (AUS)","Italy","Italy","Jordan Clarkson (PHI)","Lithuania","Lithuania","Ignas Brazdeikis (LTU)","Canada","Latvia +16.5","Shai Gilgeous-Alexander (CAN)","Serbia","Serbia","Bogdan Bogdanović (SRB)","Georgia","Georgia","Tornike Shengelia (GEO)","USA","USA","Anthony Edwards (USA)","Brazil","Brazil","Yago dos Santos (BRA)","Slovenia","Cape Verde +26.5","Luka Dončić (SLO)","Puerto Rico","China +6.5","Tremont Waters (PUR)","Greece","Greece","Thomas Walkup (GRE)","Spain","Spain","Willy Hernangómez (ESP)","USA - Jordan"
"2023/08/28 11:11:17 am GMT+3","RS","Germany","Finland +10.5","Dennis Schröder (GER)","Dominican Republic","Dominican Republic","Karl-Anthony Towns (DOM)","Mexico","Mexico","Jorge Camacho (MEX)","France","Lebanon +40.5","Nando de Colo (FRA)","Australia","Australia","Patty Mills (AUS)","Italy","Italy","Nicolò Melli (ITA)","Lithuania","Lithuania","Jonas Valančiūnas (LTU)","Canada","Latvia +16.5","RJ Barrett (CAN)","Serbia","Serbia","Vanja Marinković (SRB)","Georgia","Venezuela +6.5","Tornike Shengelia (GEO)","USA","Jordan +40.5","Walker Kessler (USA)","Brazil","Brazil","Marcelinho Huertas (BRA)","Slovenia","Cape Verde +26.5","Luka Dončić (SLO)","Puerto Rico","Puerto Rico","Ethan Thompson (PUR)","Greece","New Zealand +12.5","Ioannis Papapetrou (GRE)","Spain","Spain","Usman Garuba (ESP)","USA - Jordan"
"2023/08/28 11:27:15 am GMT+3","Kiks","Germany","Germany","Lauri Markkanen (FIN)","Dominican Republic","Dominican Republic","Karl-Anthony Towns (DOM)","Mexico","Egypt +6.5","Ehab Amin (EGY)","France","Lebanon +40.5","Evan Fournier (FRA)","Australia","Australia","Patty Mills (AUS)","Italy","Philippines +14.5","Jordan Clarkson (PHI)","Lithuania","Lithuania","Nikola Vučević (MNE)","Canada","Latvia +16.5","Shai Gilgeous-Alexander (CAN)","Serbia","Serbia","Bogdan Bogdanović (SRB)","Georgia","Venezuela +6.5","Tornike Shengelia (GEO)","USA","Jordan +40.5","Paolo Banchero (USA)","Brazil","Brazil","Bruno Caboclo (BRA)","Slovenia","Slovenia","Luka Dončić (SLO)","Puerto Rico","China +6.5","Tremont Waters (PUR)","Greece","Greece","Giannoulis Larentzakis (GRE)","Spain","Spain","Willy Hernangómez (ESP)","Slovenia - Cape Verde"
"2023/08/28 2:47:28 pm GMT+3","Paul","Germany","Germany","Lauri Markkanen (FIN)","Dominican Republic","Dominican Republic","Karl-Anthony Towns (DOM)","Mexico","Mexico","Ehab Amin (EGY)","France","France","Evan Fournier (FRA)","Australia","Australia","Patty Mills (AUS)","Italy","Philippines +14.5","Jordan Clarkson (PHI)","Lithuania","Lithuania","Jonas Valančiūnas (LTU)","Canada","Canada","Shai Gilgeous-Alexander (CAN)","Serbia","South Sudan +18.5","Bogdan Bogdanović (SRB)","Georgia","Georgia","Thad McFadden (GEO)","USA","USA","Anthony Edwards (USA)","Brazil","Ivory Coast +17.5","Raul Neto (BRA)","Slovenia","Slovenia","Luka Dončić (SLO)","Puerto Rico","Puerto Rico","Li Kaier (CHN)","Greece","New Zealand +12.5","Reuben Te Rangi (NZL)","Spain","Spain","Willy Hernangómez (ESP)","USA - Jordan"
"2023/08/28 3:35:09 pm GMT+3","Mario","Germany","Germany","Lauri Markkanen (FIN)","Dominican Republic","Dominican Republic","Karl-Anthony Towns (DOM)","Mexico","Egypt +6.5","Patrick Gardner (EGY)","France","France","Rudy Gobert (FRA)","Australia","Japan +17.5","Patty Mills (AUS)","Italy","Italy","Nicolò Melli (ITA)","Lithuania","Montenegro +5.5","Mindaugas Kuzminskas (LTU)","Canada","Canada","Shai Gilgeous-Alexander (CAN)","Serbia","Serbia","Nikola Jović (SRB)","Georgia","Venezuela +6.5","Tornike Shengelia (GEO)","USA","USA","Anthony Edwards (USA)","Brazil","Brazil","Raul Neto (BRA)","Slovenia","Slovenia","Luka Dončić (SLO)","Puerto Rico","China +6.5","Arnaldo Toro Barea (PUR)","Greece","Greece","Kostas Papanikolaou (GRE)","Spain","Spain","Juancho Hernangómez (ESP)","USA - Jordan"
"2023/08/28 5:34:28 pm GMT+3","Kristo Kluiverson","Finland","Finland +10.5","Lauri Markkanen (FIN)","Dominican Republic","Angola +11.5","Karl-Anthony Towns (DOM)","Mexico","Mexico","Ehab Amin (EGY)","France","Lebanon +40.5","Guerschon Yabusele (FRA)","Australia","Japan +17.5","Josh Giddey (AUS)","Italy","Italy","Simone Fontecchio (ITA)","Montenegro","Montenegro +5.5","Kendrick Perry (MNE)","Canada","Latvia +16.5","Shai Gilgeous-Alexander (CAN)","Serbia","Serbia","Bogdan Bogdanović (SRB)","Georgia","Georgia","Sandro Mamukelashvili (GEO)","USA","Jordan +40.5","Tyrese Haliburton (USA)","Brazil","Ivory Coast +17.5","Bruno Caboclo (BRA)","Slovenia","Cape Verde +26.5","Luka Dončić (SLO)","China","China +6.5","Li Kaier (CHN)","Greece","New Zealand +12.5","Georgios Papagiannis (GRE)","Spain","Iran +20.5","Álex Abrines (ESP)","Australia - Japan"
"2023/08/28 5:40:25 pm GMT+3","Bobi","Germany","Germany","Lauri Markkanen (FIN)","Dominican Republic","Dominican Republic","Karl-Anthony Towns (DOM)","Mexico","Mexico","Francisco Cruz (MEX)","France","Lebanon +40.5","Evan Fournier (FRA)","Australia","Japan +17.5","Patty Mills (AUS)","Italy","Italy","Jordan Clarkson (PHI)","Lithuania","Lithuania","Nikola Vučević (MNE)","Canada","Canada","Shai Gilgeous-Alexander (CAN)","Serbia","Serbia","Bogdan Bogdanović (SRB)","Georgia","Georgia","Sandro Mamukelashvili (GEO)","USA","Jordan +40.5","Anthony Edwards (USA)","Brazil","Ivory Coast +17.5","Bruno Caboclo (BRA)","Slovenia","Cape Verde +26.5","Luka Dončić (SLO)","Puerto Rico","Puerto Rico","Tremont Waters (PUR)","Greece","New Zealand +12.5","Georgios Papagiannis (GRE)","Spain","Spain","Willy Hernangómez (ESP)","Slovenia - Cape Verde"
"2023/08/28 5:42:46 pm GMT+3","Horre","Germany","Finland +10.5","Dennis Schröder (GER)","Dominican Republic","Dominican Republic","Karl-Anthony Towns (DOM)","Mexico","Mexico","Francisco Cruz (MEX)","France","France","Evan Fournier (FRA)","Australia","Australia","Patty Mills (AUS)","Italy","Philippines +14.5","Jordan Clarkson (PHI)","Lithuania","Montenegro +5.5","Nikola Vučević (MNE)","Canada","Latvia +16.5","Shai Gilgeous-Alexander (CAN)","Serbia","South Sudan +18.5","Bogdan Bogdanović (SRB)","Georgia","Georgia","Tornike Shengelia (GEO)","USA","Jordan +40.5","Austin Reaves (USA)","Brazil","Brazil","Bruno Caboclo (BRA)","Slovenia","Cape Verde +26.5","Luka Dončić (SLO)","Puerto Rico","Puerto Rico","Stephen Thompson Jr. (PUR)","Greece","Greece","Giannoulis Larentzakis (GRE)","Spain","Spain","Willy Hernangómez (ESP)","Slovenia - Cape Verde"
"2023/08/28 7:54:23 pm GMT+3","Valmar","Germany","Germany","Lauri Markkanen (FIN)","Dominican Republic","Angola +11.5","Karl-Anthony Towns (DOM)","Mexico","Mexico","Francisco Cruz (MEX)","France","Lebanon +40.5","Evan Fournier (FRA)","Australia","Australia","Josh Hawkinson (JPN)","Italy","Italy","Simone Fontecchio (ITA)","Lithuania","Lithuania","Jonas Valančiūnas (LTU)","Canada","Canada","Shai Gilgeous-Alexander (CAN)","Serbia","Serbia","Bogdan Bogdanović (SRB)","Georgia","Georgia","Sandro Mamukelashvili (GEO)","USA","USA","Anthony Edwards (USA)","Brazil","Brazil","Bruno Caboclo (BRA)","Slovenia","Slovenia","Luka Dončić (SLO)","Puerto Rico","Puerto Rico","Stephen Thompson Jr. (PUR)","Greece","Greece","Georgios Papagiannis (GRE)","Spain","Spain","Willy Hernangómez (ESP)","Slovenia - Cape Verde"
"2023/08/28 7:55:56 pm GMT+3","Gert","Finland","Finland +10.5","Lauri Markkanen (FIN)","Angola","Angola +11.5","Andrés Feliz (DOM)","Mexico","Mexico","Gabriel Girón (MEX)","France","France","Evan Fournier (FRA)","Australia","Japan +17.5","Yuta Watanabe (JPN)","Italy","Philippines +14.5","Jordan Clarkson (PHI)","Lithuania","Lithuania","Ignas Brazdeikis (LTU)","Canada","Latvia +16.5","Shai Gilgeous-Alexander (CAN)","Serbia","South Sudan +18.5","Nikola Jović (SRB)","Georgia","Georgia","Sandro Mamukelashvili (GEO)","USA","Jordan +40.5","Anthony Edwards (USA)","Brazil","Brazil","Bruno Caboclo (BRA)","Slovenia","Cape Verde +26.5","Ivan Almeida (CPV)","China","China +6.5","Zhao Rui (CHN)","Greece","Greece","Kostas Papanikolaou (GRE)","Spain","Iran +20.5","Willy Hernangómez (ESP)","Iran - Spain"
"2023/08/28 8:34:54 pm GMT+3","Neeme Kalur","Germany","Germany","Dennis Schröder (GER)","Dominican Republic","Dominican Republic","Karl-Anthony Towns (DOM)","Egypt","Egypt +6.5","Ehab Amin (EGY)","France","France","Evan Fournier (FRA)","Australia","Australia","Patty Mills (AUS)","Italy","Italy","Jordan Clarkson (PHI)","Lithuania","Lithuania","Nikola Vučević (MNE)","Canada","Canada","Shai Gilgeous-Alexander (CAN)","Serbia","Serbia","Carlik Jones (SSD)","Georgia","Georgia","Tornike Shengelia (GEO)","USA","USA","Rondae Hollis-Jefferson (JOR)","Brazil","Brazil","Bruno Caboclo (BRA)","Slovenia","Slovenia","Luka Dončić (SLO)","Puerto Rico","Puerto Rico","Li Kaier (CHN)","Greece","Greece","Georgios Papagiannis (GRE)","Spain","Spain","Willy Hernangómez (ESP)","Georgia - Venezuela"
"2023/08/28 9:11:04 pm GMT+3","Kaur","Germany","Germany","Lauri Markkanen (FIN)","Dominican Republic","Dominican Republic","Karl-Anthony Towns (DOM)","Egypt","Mexico","Anas Mahmoud (EGY)","France","France","Evan Fournier (FRA)","Australia","Australia","Patty Mills (AUS)","Italy","Philippines +14.5","Jordan Clarkson (PHI)","Lithuania","Lithuania","Nikola Vučević (MNE)","Canada","Canada","Shai Gilgeous-Alexander (CAN)","Serbia","South Sudan +18.5","Carlik Jones (SSD)","Georgia","Georgia","Tornike Shengelia (GEO)","USA","Jordan +40.5","Rondae Hollis-Jefferson (JOR)","Brazil","Brazil","Bruno Caboclo (BRA)","Slovenia","Cape Verde +26.5","Luka Dončić (SLO)","Puerto Rico","Puerto Rico","Stephen Thompson Jr. (PUR)","Greece","Greece","Giannoulis Larentzakis (GRE)","Spain","Spain","Willy Hernangómez (ESP)","Germany - Finland"
"2023/08/28 9:21:14 pm GMT+3","Mart","Germany","Germany","Dennis Schröder (GER)","Dominican Republic","Angola +11.5","Karl-Anthony Towns (DOM)","Mexico","Mexico","Ehab Amin (EGY)","France","Lebanon +40.5","Evan Fournier (FRA)","Australia","Australia","Patty Mills (AUS)","Italy","Italy","Jordan Clarkson (PHI)","Lithuania","Montenegro +5.5","Nikola Ivanović (MNE)","Canada","Canada","Shai Gilgeous-Alexander (CAN)","Serbia","South Sudan +18.5","Carlik Jones (SSD)","Georgia","Georgia","Sandro Mamukelashvili (GEO)","USA","USA","Rondae Hollis-Jefferson (JOR)","Brazil","Brazil","Bruno Caboclo (BRA)","Slovenia","Slovenia","Luka Dončić (SLO)","Puerto Rico","Puerto Rico","Stephen Thompson Jr. (PUR)","Greece","New Zealand +12.5","Izayah Le'afa (NZL)","Spain","Spain","Willy Hernangómez (ESP)","Slovenia - Cape Verde"
"2023/08/28 10:31:38 pm GMT+3","Raiko","Germany","Germany","Lauri Markkanen (FIN)","Dominican Republic","Dominican Republic","Karl-Anthony Towns (DOM)","Mexico","Mexico","Ehab Amin (EGY)","France","Lebanon +40.5","Evan Fournier (FRA)","Australia","Australia","Patty Mills (AUS)","Italy","Philippines +14.5","Jordan Clarkson (PHI)","Lithuania","Lithuania","Nikola Vučević (MNE)","Canada","Latvia +16.5","Shai Gilgeous-Alexander (CAN)","Serbia","Serbia","Carlik Jones (SSD)","Georgia","Georgia","Sandro Mamukelashvili (GEO)","USA","USA","Paolo Banchero (USA)","Brazil","Brazil","Bruno Caboclo (BRA)","Slovenia","Cape Verde +26.5","Luka Dončić (SLO)","Puerto Rico","Puerto Rico","Stephen Thompson Jr. (PUR)","Greece","Greece","Izayah Le'afa (NZL)","Spain","Spain","Willy Hernangómez (ESP)","Germany - Finland"
"2023/08/28 10:40:30 pm GMT+3","Asso","Germany","Finland +10.5","Lauri Markkanen (FIN)","Dominican Republic","Dominican Republic","Karl-Anthony Towns (DOM)","Mexico","Mexico","Ehab Amin (EGY)","France","Lebanon +40.5","Evan Fournier (FRA)","Australia","Japan +17.5","Patty Mills (AUS)","Italy","Philippines +14.5","Jordan Clarkson (PHI)","Lithuania","Lithuania","Kendrick Perry (MNE)","Canada","Latvia +16.5","Shai Gilgeous-Alexander (CAN)","Serbia","Serbia","Carlik Jones (SSD)","Georgia","Georgia","Goga Bitadze (GEO)","USA","USA","Jalen Brunson (USA)","Brazil","Ivory Coast +17.5","Bruno Caboclo (BRA)","Slovenia","Slovenia","Luka Dončić (SLO)","Puerto Rico","Puerto Rico","Tremont Waters (PUR)","Greece","Greece","Shea Ili (NZL)","Spain","Spain","Willy Hernangómez (ESP)","South Sudan - Serbia"
"2023/08/29 8:35:20 am GMT+3","Jens-K","Germany","Germany","Lauri Markkanen (FIN)","Dominican Republic","Angola +11.5","Karl-Anthony Towns (DOM)","Mexico","Egypt +6.5","Ehab Amin (EGY)","France","France","Evan Fournier (FRA)","Australia","Australia","Patty Mills (AUS)","Italy","Philippines +14.5","Jordan Clarkson (PHI)","Lithuania","Montenegro +5.5","Kendrick Perry (MNE)","Canada","Canada","Shai Gilgeous-Alexander (CAN)","Serbia","South Sudan +18.5","Carlik Jones (SSD)","Venezuela","Georgia","Tornike Shengelia (GEO)","USA","Jordan +40.5","Rondae Hollis-Jefferson (JOR)","Brazil","Ivory Coast +17.5","Bruno Caboclo (BRA)","Slovenia","Cape Verde +26.5","Luka Dončić (SLO)","Puerto Rico","Puerto Rico","Stephen Thompson Jr. (PUR)","Greece","Greece","Giannoulis Larentzakis (GRE)","Spain","Spain","Willy Hernangómez (ESP)","Canada - Latvia"
"2023/08/29 8:58:24 am GMT+3","Roger","Finland","Finland +10.5","Lauri Markkanen (FIN)","Dominican Republic","Angola +11.5","Karl-Anthony Towns (DOM)","Egypt","Egypt +6.5","Francisco Cruz (MEX)","France","Lebanon +40.5","Evan Fournier (FRA)","Australia","Japan +17.5","Josh Giddey (AUS)","Italy","Italy","Nicolò Melli (ITA)","Lithuania","Lithuania","Rokas Jokubaitis (LTU)","Canada","Latvia +16.5","RJ Barrett (CAN)","Serbia","South Sudan +18.5","Bogdan Bogdanović (SRB)","Georgia","Georgia","Tornike Shengelia (GEO)","USA","Jordan +40.5","Austin Reaves (USA)","Brazil","Ivory Coast +17.5","Raul Neto (BRA)","Slovenia","Cape Verde +26.5","Edy Tavares (CPV)","Puerto Rico","Puerto Rico","Jordan Howard (PUR)","Greece","New Zealand +12.5","Nikos Rogkavopoulos (GRE)","Spain","Spain","Álex Abrines (ESP)","Lebanon - France"