"Timestamp","Sinu nimi:","Kes võidab?","Kes võidab?","Kes viskab Italy - Latvia mängus enim punkte?","Kes võidab?","Kes võidab?","Kes viskab Lithuania - Slovenia mängus enim punkte?","Kes võidab?","Kes võidab?","Kes viskab Serbia - Canada mängus enim punkte?","Kes võidab?","Kes võidab?","Kes viskab USA - Germany mängus enim punkte?","Millise mängu eest sa topelt punkte sooviksid?","Mida muud sul öelda on?"
"2023/09/06 7:30:30 pm GMT+3","Paul","Latvia","Latvia +1.5","Dāvis Bertāns (LAT)","Slovenia","Slovenia +4.5","Luka Dončić (SLO)","Canada","Canada","Shai Gilgeous-Alexander (CAN)","USA","USA","Anthony Edwards (USA)","Serbia - Canada",""
"2023/09/06 7:54:35 pm GMT+3","Kaspar","Latvia","Latvia +1.5","Simone Fontecchio (ITA)","Lithuania","Lithuania","Luka Dončić (SLO)","Canada","Canada","Shai Gilgeous-Alexander (CAN)","USA","Germany +14.5","Anthony Edwards (USA)","USA - Germany",""
"2023/09/06 9:59:53 pm GMT+3","Jens-K","Italy","Italy","Simone Fontecchio (ITA)","Slovenia","Slovenia +4.5","Luka Dončić (SLO)","Canada","Canada","Shai Gilgeous-Alexander (CAN)","USA","USA","Dennis Schröder (GER)","Lithuania - Slovenia",""
"2023/09/06 10:49:34 pm GMT+3","Valmar","Italy","Italy","Simone Fontecchio (ITA)","Lithuania","Lithuania","Jonas Valančiūnas (LTU)","Serbia","Serbia +5.5","Shai Gilgeous-Alexander (CAN)","USA","USA","Anthony Edwards (USA)","Italy - Latvia",""
"2023/09/07 1:43:47 am GMT+3","Asso","Italy","Latvia +1.5","Simone Fontecchio (ITA)","Lithuania","Slovenia +4.5","Luka Dončić (SLO)","Canada","Canada","Shai Gilgeous-Alexander (CAN)","USA","Germany +14.5","Anthony Edwards (USA)","Serbia - Canada",""
"2023/09/07 3:27:02 am GMT+3","Mart","Italy","Italy","Simone Fontecchio (ITA)","Lithuania","Lithuania","Luka Dončić (SLO)","Canada","Serbia +5.5","Shai Gilgeous-Alexander (CAN)","USA","Germany +14.5","Anthony Edwards (USA)","USA - Germany",""
"2023/09/07 7:49:54 am GMT+3","Raiko","Italy","Italy","Simone Fontecchio (ITA)","Lithuania","Lithuania","Luka Dončić (SLO)","Canada","Canada","Shai Gilgeous-Alexander (CAN)","USA","Germany +14.5","Dennis Schröder (GER)","Lithuania - Slovenia",""
"2023/09/07 8:18:58 am GMT+3","Kaur","Latvia","Latvia +1.5","Rolands Šmits (LAT)","Lithuania","Lithuania","Tadas Sedekerskis (LTU)","Serbia","Serbia +5.5","Nikola Jović (SRB)","USA","Germany +14.5","Franz Wagner (GER)","Italy - Latvia",""
"2023/09/07 9:17:29 am GMT+3","Mario","Latvia","Latvia +1.5","Dāvis Bertāns (LAT)","Slovenia","Slovenia +4.5","Luka Dončić (SLO)","Canada","Canada","Shai Gilgeous-Alexander (CAN)","USA","USA","Anthony Edwards (USA)","USA - Germany","Kiidan ennustusvõistluse korraldajaid! Hea töö!"
"2023/09/07 9:17:32 am GMT+3","Roger","Italy","Italy","Simone Fontecchio (ITA)","Lithuania","Lithuania","Rokas Jokubaitis (LTU)","Canada","Canada","Shai Gilgeous-Alexander (CAN)","Germany","Germany +14.5","Franz Wagner (GER)","Serbia - Canada","Musi püksi"
"2023/09/07 9:18:34 am GMT+3","Horre","Latvia","Latvia +1.5","Simone Fontecchio (ITA)","Lithuania","Lithuania","Luka Dončić (SLO)","Canada","Canada","Shai Gilgeous-Alexander (CAN)","Germany","Germany +14.5","Franz Wagner (GER)","Serbia - Canada",""
"2023/09/07 9:23:10 am GMT+3","Gert","Italy","Italy","Stefano Tonut (ITA)","Slovenia","Slovenia +4.5","Ignas Brazdeikis (LTU)","Serbia","Serbia +5.5","Nikola Milutinov (SRB)","Germany","Germany +14.5","Mikal Bridges (USA)","Italy - Latvia",""
"2023/09/07 9:57:04 am GMT+3","RS","Italy","Italy","Simone Fontecchio (ITA)","Lithuania","Lithuania","Luka Dončić (SLO)","Serbia","Canada","Shai Gilgeous-Alexander (CAN)","USA","Germany +14.5","Anthony Edwards (USA)","Serbia - Canada",""
"2023/09/07 10:28:07 am GMT+3","Neeme Kalur","Latvia","Latvia +1.5","Simone Fontecchio (ITA)","Lithuania","Slovenia +4.5","Luka Dončić (SLO)","Canada","Canada","Shai Gilgeous-Alexander (CAN)","USA","USA","Anthony Edwards (USA)","USA - Germany",""
"2023/09/07 10:34:10 am GMT+3","Kiks","Italy","Italy","Simone Fontecchio (ITA)","Lithuania","Slovenia +4.5","Luka Dončić (SLO)","Canada","Canada","Shai Gilgeous-Alexander (CAN)","USA","USA","Anthony Edwards (USA)","USA - Germany","Krdi Doncic... jättis mind 4 lisapunktist ilma"
"2023/09/07 11:37:18 am GMT+3","Kristo Kluiverson","Italy","Italy","Simone Fontecchio (ITA)","Slovenia","Slovenia +4.5","Luka Dončić (SLO)","Canada","Canada","Bogdan Bogdanović (SRB)","USA","USA","Dennis Schröder (GER)","Italy - Latvia","Kui keegi palkaks Glen Rice'i endale treeneriks, siis ta võidaks 100% MM-i ära, isegi kui see oleks mingi arengumaa Eesti vms."
"2023/09/07 3:28:28 pm GMT+3","Bobi","","","","Slovenia","Slovenia +4.5","Luka Dončić (SLO)","Canada","Canada","Shai Gilgeous-Alexander (CAN)","USA","Germany +14.5","Dennis Schröder (GER)","USA - Germany",""