"Timestamp","Sinu nimi:","Kes võidab?","Kes võidab?","Kes viskab Italy - Slovenia mängus enim punkte?","Kes võidab?","Kes võidab?","Kes viskab Latvia - Lithuania mängus enim punkte?","Kes võidab?","Kes võidab?","Kes viskab USA - Canada mängus enim punkte?","Kes võidab?","Kes võidab?","Kes viskab Germany - Serbia mängus enim punkte?","Millise mängu eest sa topelt punkte sooviksid?","Ja su viimased sõnad on?"
"2023/09/08 6:18:06 pm GMT+3","Kaspar","Slovenia","Slovenia","Luka Dončić (SLO)","Lithuania","Lithuania","Jonas Valančiūnas (LTU)","Canada","Canada +9.5","Shai Gilgeous-Alexander (CAN)","Serbia","Serbia","Bogdan Bogdanović (SRB)","Italy - Slovenia",""
"2023/09/08 10:10:27 pm GMT+3","Jens-K","Slovenia","Slovenia","Luka Dončić (SLO)","Lithuania","Latvia +6.5","Dāvis Bertāns (LAT)","USA","Canada +9.5","Shai Gilgeous-Alexander (CAN)","Germany","Germany +5.5","Franz Wagner (GER)","Germany - Serbia","Äge ettevõtmine see ennustus ja vinge turniir. Aga no kurat, miks nii lambi satsid finaalis."
"2023/09/08 10:15:13 pm GMT+3","Gert","Italy","Italy +2.5","Stefano Tonut (ITA)","Latvia","Latvia +6.5","Rokas Jokubaitis (LTU)","USA","USA","Anthony Edwards (USA)","Germany","Germany +5.5","Dennis Schröder (GER)","USA - Canada",""
"2023/09/08 11:35:58 pm GMT+3","Valmar","Slovenia","Slovenia","Luka Dončić (SLO)","Lithuania","Lithuania","Jonas Valančiūnas (LTU)","USA","USA","Shai Gilgeous-Alexander (CAN)","Serbia","Serbia","Bogdan Bogdanović (SRB)","Germany - Serbia",""
"2023/09/09 12:08:16 am GMT+3","Paul","Slovenia","Slovenia","Luka Dončić (SLO)","Lithuania","Lithuania","Jonas Valančiūnas (LTU)","USA","Canada +9.5","Shai Gilgeous-Alexander (CAN)","Serbia","Germany +5.5","Bogdan Bogdanović (SRB)","Latvia - Lithuania",""
"2023/09/09 2:43:04 am GMT+3","Mart","Slovenia","Slovenia","Luka Dončić (SLO)","Lithuania","Latvia +6.5","Dāvis Bertāns (LAT)","USA","Canada +9.5","Shai Gilgeous-Alexander (CAN)","Germany","Germany +5.5","Dennis Schröder (GER)","Germany - Serbia",""
"2023/09/09 9:06:49 am GMT+3","Kiks","Italy","Italy +2.5","Luka Dončić (SLO)","Latvia","Latvia +6.5","Jonas Valančiūnas (LTU)","Canada","Canada +9.5","Shai Gilgeous-Alexander (CAN)","Serbia","Germany +5.5","Bogdan Bogdanović (SRB)","Germany - Serbia","Vaata, et sa ei kuku"
"2023/09/09 9:35:46 am GMT+3","Neeme Kalur","Slovenia","Slovenia","Luka Dončić (SLO)","Lithuania","Lithuania","Jonas Valančiūnas (LTU)","USA","USA","Anthony Edwards (USA)","Serbia","Serbia","Bogdan Bogdanović (SRB)","Italy - Slovenia",""
"2023/09/09 11:13:05 am GMT+3","Roger","Italy","Italy +2.5","Stefano Tonut (ITA)","Lithuania","Lithuania","Jonas Valančiūnas (LTU)","Canada","Canada +9.5","Shai Gilgeous-Alexander (CAN)","Serbia","Serbia","Bogdan Bogdanović (SRB)","Germany - Serbia","Supsti"
"2023/09/09 11:13:20 am GMT+3","Kristo Kluiverson","Slovenia","Slovenia","Luka Dončić (SLO)","Lithuania","Lithuania","Jonas Valančiūnas (LTU)","Canada","Canada +9.5","Shai Gilgeous-Alexander (CAN)","Germany","Germany +5.5","Bogdan Bogdanović (SRB)","Latvia - Lithuania","Ma olen koguaeg öelnud, et NBA on tilu-lilu ja õiged mängumehed on Euroliigas. Nüüd ongi Euroliiga poisid finaalis ja NBA poisid 3.koha mängul. Kuulake Kristot!"
"2023/09/09 11:14:47 am GMT+3","Horre","Italy","Italy +2.5","Luka Dončić (SLO)","Lithuania","Lithuania","Jonas Valančiūnas (LTU)","USA","USA","Anthony Edwards (USA)","Germany","Germany +5.5","Dennis Schröder (GER)","USA - Canada",""
"2023/09/09 11:15:29 am GMT+3","Mario","Slovenia","Slovenia","Luka Dončić (SLO)","Latvia","Lithuania","Artūrs Žagars (LAT)","USA","USA","Anthony Edwards (USA)","Serbia","Serbia","Bogdan Bogdanović (SRB)","Germany - Serbia","Enda arvates jagan asja, aga tuleb välja, et ikka ei jaga küll :)"
"2023/09/09 11:16:26 am GMT+3","RS","Slovenia","Slovenia","Luka Dončić (SLO)","Latvia","Latvia +6.5","Dāvis Bertāns (LAT)","Canada","USA","Shai Gilgeous-Alexander (CAN)","Serbia","Germany +5.5","Bogdan Bogdanović (SRB)","Germany - Serbia","Vinge värk! Järgmise korrani 🥳"
"2023/09/09 11:18:13 am GMT+3","Kaur","Slovenia","Slovenia","Luka Dončić (SLO)","Latvia","Latvia +6.5","Dāvis Bertāns (LAT)","Canada","Canada +9.5","Shai Gilgeous-Alexander (CAN)","Serbia","Serbia","Franz Wagner (GER)","Italy - Slovenia","oli tore, aga otsa sai "
"2023/09/09 11:32:09 am GMT+3","Bobi","Slovenia","Slovenia","Luka Dončić (SLO)","Lithuania","Lithuania","Jonas Valančiūnas (LTU)","USA","USA","Shai Gilgeous-Alexander (CAN)","Serbia","Serbia","Bogdan Bogdanović (SRB)","Italy - Slovenia",""
"2023/09/09 11:41:28 am GMT+3","Raiko","Slovenia","Slovenia","Luka Dončić (SLO)","Lithuania","Lithuania","Jonas Valančiūnas (LTU)","USA","Canada +9.5","Shai Gilgeous-Alexander (CAN)","Serbia","Germany +5.5","Dennis Schröder (GER)","Latvia - Lithuania",""
"2023/09/10 8:41:58 am GMT+3","Asso","","","","","","","USA","USA","Shai Gilgeous-Alexander (CAN)","Serbia","Serbia","Bogdan Bogdanović (SRB)","USA - Canada",""